-- phpMyAdmin SQL Dump
-- version 5.2.0
-- https://www.phpmyadmin.net/
--
-- Servidor: localhost
-- Tiempo de generación: 02-10-2022 a las 18:19:36
-- Versión del servidor: 10.4.24-MariaDB
-- Versión de PHP: 7.4.29

SET SQL_MODE = "NO_AUTO_VALUE_ON_ZERO";
START TRANSACTION;
SET time_zone = "+00:00";


/*!40101 SET @OLD_CHARACTER_SET_CLIENT=@@CHARACTER_SET_CLIENT */;
/*!40101 SET @OLD_CHARACTER_SET_RESULTS=@@CHARACTER_SET_RESULTS */;
/*!40101 SET @OLD_COLLATION_CONNECTION=@@COLLATION_CONNECTION */;
/*!40101 SET NAMES utf8mb4 */;

--
-- Base de datos: `hospital`
--

-- --------------------------------------------------------

--
-- Estructura de tabla para la tabla `atenciones`
--

CREATE TABLE `atenciones` (
  `id_atencion` int(11) NOT NULL,
  `id_medico` int(11) NOT NULL,
  `id_especialidades` int(11) NOT NULL,
  `salario_mes` double NOT NULL,
  `horas_mes` int(11) NOT NULL,
  `id_consultorio` int(11) DEFAULT NULL
) ENGINE=InnoDB DEFAULT CHARSET=utf8mb4;

--
-- Volcado de datos para la tabla `atenciones`
--

INSERT INTO `atenciones` (`id_atencion`, `id_medico`, `id_especialidades`, `salario_mes`, `horas_mes`, `id_consultorio`) VALUES
(1, 3, 1, 4000, 160, 1),
(2, 3, 3, 5000, 160, 1),
(3, 8, 2, 3000, 160, 1),
(4, 24, 1, 4000, 160, 1),
(5, 24, 3, 5000, 160, 1);

-- --------------------------------------------------------

--
-- Estructura de tabla para la tabla `centros_medicos`
--

CREATE TABLE `centros_medicos` (
  `id_centro_medico` int(11) NOT NULL,
  `nombre` varchar(600) NOT NULL,
  `direccion` varchar(600) NOT NULL
) ENGINE=InnoDB DEFAULT CHARSET=utf8mb4;

--
-- Volcado de datos para la tabla `centros_medicos`
--

INSERT INTO `centros_medicos` (`id_centro_medico`, `nombre`, `direccion`) VALUES
(1, 'CENTRO MEDICO OBRAJES', 'obrajes calle 16 #894');

-- --------------------------------------------------------

--
-- Estructura de tabla para la tabla `consultas`
--

CREATE TABLE `consultas` (
  `id_consultas` int(11) NOT NULL,
  `id_paciente` int(11) NOT NULL,
  `fecha` date NOT NULL,
  `id_horario` int(11) NOT NULL,
  `id_estado_consulta` int(11) NOT NULL,
  `id_consultorio` int(11) NOT NULL,
  `id_atencion` int(11) NOT NULL,
  `informe-consulta` text NOT NULL
) ENGINE=InnoDB DEFAULT CHARSET=utf8mb4;

--
-- Volcado de datos para la tabla `consultas`
--

INSERT INTO `consultas` (`id_consultas`, `id_paciente`, `fecha`, `id_horario`, `id_estado_consulta`, `id_consultorio`, `id_atencion`, `informe-consulta`) VALUES
(1, 903, '2022-03-06', 3, 2, 1, 2, ''),
(2, 903, '2022-07-24', 2, 3, 1, 1, ''),
(3, 700, '2021-10-20', 1, 4, 1, 1, ''),
(4, 199, '2021-11-21', 3, 5, 2, 1, ''),
(5, 501, '2022-04-24', 3, 7, 1, 2, ''),
(6, 600, '2022-01-08', 2, 3, 2, 5, ''),
(7, 300, '2021-12-06', 1, 3, 1, 3, ''),
(8, 571, '2022-01-08', 2, 4, 1, 2, ''),
(9, 902, '2022-01-03', 4, 1, 1, 4, ''),
(10, 29, '2022-07-24', 1, 4, 1, 1, ''),
(11, 410, '2022-07-15', 1, 4, 2, 5, ''),
(12, 279, '2022-05-17', 4, 4, 1, 1, ''),
(13, 459, '2021-11-15', 2, 2, 1, 3, ''),
(14, 558, '2021-11-01', 2, 4, 2, 2, ''),
(15, 672, '2021-11-25', 4, 3, 1, 5, ''),
(16, 944, '2022-06-17', 1, 2, 2, 2, ''),
(17, 903, '2022-03-26', 4, 5, 2, 4, ''),
(18, 530, '2022-01-02', 4, 2, 2, 2, ''),
(19, 883, '2022-02-19', 3, 2, 2, 2, ''),
(20, 420, '2022-01-17', 1, 1, 1, 4, ''),
(21, 296, '2021-12-21', 4, 1, 2, 2, ''),
(22, 761, '2021-11-05', 4, 3, 1, 4, ''),
(23, 703, '2022-01-10', 2, 4, 2, 5, ''),
(24, 18, '2022-05-04', 1, 5, 1, 1, ''),
(25, 108, '2021-10-27', 4, 1, 2, 1, ''),
(26, 204, '2022-08-09', 4, 3, 1, 5, ''),
(27, 372, '2022-04-07', 4, 3, 1, 3, ''),
(28, 679, '2022-08-08', 1, 3, 2, 5, ''),
(29, 613, '2022-06-06', 4, 3, 2, 3, ''),
(30, 141, '2022-06-22', 1, 5, 1, 5, ''),
(31, 634, '2022-08-04', 3, 6, 1, 1, ''),
(32, 338, '2022-05-04', 3, 4, 2, 3, ''),
(33, 235, '2022-06-23', 4, 7, 1, 1, ''),
(34, 60, '2021-11-07', 1, 7, 2, 3, ''),
(35, 203, '2022-01-18', 3, 5, 2, 4, ''),
(36, 93, '2022-02-11', 4, 1, 1, 3, ''),
(37, 436, '2021-10-18', 1, 6, 2, 3, ''),
(38, 436, '2022-09-02', 3, 2, 1, 4, ''),
(39, 633, '2022-03-16', 1, 2, 1, 5, ''),
(40, 142, '2021-11-07', 2, 2, 1, 1, ''),
(41, 393, '2022-06-25', 2, 6, 2, 3, ''),
(42, 269, '2022-04-15', 3, 1, 2, 2, ''),
(43, 636, '2022-03-18', 2, 3, 2, 2, ''),
(44, 29, '2022-02-03', 3, 7, 2, 3, ''),
(45, 230, '2022-01-19', 4, 6, 1, 4, ''),
(46, 877, '2022-01-15', 2, 3, 2, 5, ''),
(47, 469, '2022-05-19', 2, 4, 2, 5, ''),
(48, 540, '2022-07-27', 4, 7, 2, 1, ''),
(49, 334, '2022-06-27', 3, 7, 2, 3, ''),
(50, 167, '2022-09-01', 2, 1, 1, 5, ''),
(51, 530, '2022-09-22', 4, 3, 1, 3, ''),
(52, 344, '2021-10-09', 2, 3, 1, 3, ''),
(53, 296, '2022-08-06', 2, 4, 1, 1, ''),
(54, 197, '2022-01-05', 4, 3, 1, 3, ''),
(55, 496, '2022-09-24', 4, 3, 1, 2, ''),
(56, 731, '2022-08-06', 1, 6, 1, 3, ''),
(57, 306, '2022-09-03', 4, 7, 1, 2, ''),
(58, 568, '2021-12-22', 4, 1, 1, 3, ''),
(59, 64, '2021-12-19', 4, 1, 1, 1, ''),
(60, 855, '2022-07-18', 3, 7, 2, 2, ''),
(61, 498, '2022-09-04', 1, 3, 2, 3, ''),
(62, 252, '2022-08-09', 2, 3, 1, 5, ''),
(63, 344, '2022-03-22', 1, 1, 2, 3, ''),
(64, 811, '2022-08-06', 4, 6, 2, 4, ''),
(65, 709, '2022-02-14', 3, 6, 2, 5, ''),
(66, 14, '2022-01-11', 1, 2, 1, 1, ''),
(67, 409, '2022-04-16', 3, 7, 1, 3, ''),
(68, 624, '2022-06-05', 3, 1, 2, 3, ''),
(69, 861, '2022-05-02', 1, 1, 1, 4, ''),
(70, 707, '2022-01-22', 2, 5, 2, 5, ''),
(71, 701, '2021-12-23', 4, 7, 1, 5, ''),
(72, 840, '2022-02-08', 3, 6, 2, 5, ''),
(73, 199, '2022-07-12', 1, 5, 1, 3, ''),
(74, 3, '2022-01-31', 3, 4, 1, 5, ''),
(75, 318, '2022-01-28', 1, 1, 1, 5, ''),
(76, 598, '2022-03-31', 3, 3, 2, 1, ''),
(77, 820, '2022-08-07', 2, 7, 2, 2, ''),
(78, 648, '2022-08-28', 3, 4, 1, 5, ''),
(79, 27, '2022-01-17', 2, 6, 1, 3, ''),
(80, 678, '2022-04-01', 3, 5, 2, 1, ''),
(81, 585, '2022-08-18', 3, 7, 1, 3, ''),
(82, 760, '2022-03-14', 4, 6, 1, 5, ''),
(83, 500, '2022-03-22', 3, 4, 1, 3, ''),
(84, 951, '2022-09-13', 4, 4, 1, 1, ''),
(85, 87, '2022-08-06', 2, 5, 1, 5, ''),
(86, 682, '2021-10-19', 1, 6, 1, 3, ''),
(87, 816, '2022-07-29', 1, 2, 2, 5, ''),
(88, 278, '2022-05-26', 3, 1, 1, 3, ''),
(89, 650, '2022-07-03', 1, 6, 1, 2, ''),
(90, 392, '2022-07-30', 1, 5, 2, 3, ''),
(91, 848, '2022-07-12', 3, 7, 1, 4, ''),
(92, 476, '2022-09-10', 3, 6, 1, 3, ''),
(93, 83, '2021-10-17', 3, 7, 1, 2, ''),
(94, 837, '2022-01-16', 3, 6, 1, 1, ''),
(95, 144, '2021-12-18', 1, 1, 2, 3, ''),
(96, 97, '2022-08-19', 4, 6, 1, 1, ''),
(97, 636, '2022-03-21', 3, 3, 2, 4, ''),
(98, 917, '2022-04-08', 3, 5, 1, 2, ''),
(99, 40, '2021-12-29', 4, 1, 1, 3, ''),
(100, 810, '2022-08-13', 1, 7, 1, 3, ''),
(101, 3, '2022-09-25', 1, 1, 1, 1, ''),
(102, 1, '2022-09-25', 2, 5, 1, 1, ''),
(103, 18, '2022-09-25', 3, 1, 1, 1, ''),
(104, 624, '2022-09-25', 4, 1, 1, 2, ''),
(105, 1, '2022-09-25', 2, 5, 1, 1, ''),
(106, 903, '2022-08-27', 2, 5, 1, 3, ''),
(107, 903, '2022-09-24', 3, 5, 1, 3, ''),
(108, 1, '2022-09-27', 4, 5, 1, 5, ''),
(109, 1, '2022-09-27', 2, 5, 1, 5, ''),
(110, 1, '2022-09-27', 2, 5, 1, 5, ''),
(111, 1, '2022-09-27', 4, 5, 1, 5, ''),
(112, 1, '2022-09-27', 4, 5, 1, 5, ''),
(113, 1, '2022-09-28', 4, 5, 1, 5, ''),
(114, 1, '2022-09-28', 1, 5, 1, 5, ''),
(115, 903, '2022-10-01', 3, 1, 1, 5, ''),
(116, 1, '2022-10-01', 2, 5, 1, 5, ''),
(117, 1, '2022-10-01', 1, 1, 1, 2, '');

-- --------------------------------------------------------

--
-- Estructura de tabla para la tabla `consultorios`
--

CREATE TABLE `consultorios` (
  `id_consultorio` int(11) NOT NULL,
  `nombre` varchar(600) NOT NULL,
  `id_centro_medico` int(11) NOT NULL
) ENGINE=InnoDB DEFAULT CHARSET=utf8mb4;

--
-- Volcado de datos para la tabla `consultorios`
--

INSERT INTO `consultorios` (`id_consultorio`, `nombre`, `id_centro_medico`) VALUES
(1, 'CMO1', 1),
(2, 'CMO2', 1);

-- --------------------------------------------------------

--
-- Estructura de tabla para la tabla `especialidades`
--

CREATE TABLE `especialidades` (
  `id_especialidades` int(11) NOT NULL,
  `nombre` varchar(600) NOT NULL
) ENGINE=InnoDB DEFAULT CHARSET=utf8mb4;

--
-- Volcado de datos para la tabla `especialidades`
--

INSERT INTO `especialidades` (`id_especialidades`, `nombre`) VALUES
(1, 'MEDICINA GENERAL'),
(2, 'ODONTOLOGIA'),
(3, 'PEDIATRIA');

-- --------------------------------------------------------

--
-- Estructura de tabla para la tabla `estados_consultas`
--

CREATE TABLE `estados_consultas` (
  `id_estado_consulta` int(11) NOT NULL,
  `nombre` varchar(600) NOT NULL
) ENGINE=InnoDB DEFAULT CHARSET=utf8mb4;

--
-- Volcado de datos para la tabla `estados_consultas`
--

INSERT INTO `estados_consultas` (`id_estado_consulta`, `nombre`) VALUES
(1, 'PENDIENTE'),
(2, 'FINALIZADO'),
(3, 'NO ASISTIÓ PACIENTE'),
(4, 'NO ASISTIÓ MEDICO'),
(5, 'CONSULTA CANCELADA PACIENTE'),
(6, 'ATRASO PACIENTE'),
(7, 'CONSULTA MODIFICADA PACIENTE');

-- --------------------------------------------------------

--
-- Estructura de tabla para la tabla `hibernate_sequence`
--

CREATE TABLE `hibernate_sequence` (
  `next_val` bigint(20) DEFAULT NULL
) ENGINE=InnoDB DEFAULT CHARSET=utf8mb4;

--
-- Volcado de datos para la tabla `hibernate_sequence`
--

INSERT INTO `hibernate_sequence` (`next_val`) VALUES
(1);

-- --------------------------------------------------------

--
-- Estructura de tabla para la tabla `horarios`
--

CREATE TABLE `horarios` (
  `id_horario` int(11) NOT NULL,
  `inicio` time NOT NULL,
  `fin` time NOT NULL
) ENGINE=InnoDB DEFAULT CHARSET=utf8mb4;

--
-- Volcado de datos para la tabla `horarios`
--

INSERT INTO `horarios` (`id_horario`, `inicio`, `fin`) VALUES
(1, '09:00:00', '09:45:00'),
(2, '09:45:00', '10:30:00'),
(3, '10:30:00', '11:15:00'),
(4, '11:15:00', '12:00:00');

-- --------------------------------------------------------

--
-- Estructura de tabla para la tabla `medicos`
--

CREATE TABLE `medicos` (
  `id_medico` int(11) NOT NULL,
  `nombre` varchar(600) NOT NULL
) ENGINE=InnoDB DEFAULT CHARSET=utf8mb4;

--
-- Volcado de datos para la tabla `medicos`
--

INSERT INTO `medicos` (`id_medico`, `nombre`) VALUES
(1, 'Munmro Senton'),
(2, 'Obediah Iiannone'),
(3, 'Candide Bernade'),
(4, 'Syd Chanson'),
(5, 'Elisha Bourcq'),
(6, 'Quentin Bonefant'),
(7, 'Hoebart Brade'),
(8, 'Camille Muggleston'),
(9, 'Dorene Rimour'),
(10, 'Harrietta Prater'),
(11, 'Samara Peye'),
(12, 'Garvy Kleisel'),
(13, 'Shena Curtis'),
(14, 'Gaspar Karlmann'),
(15, 'Grazia Parres'),
(16, 'Darrel Sprulls'),
(17, 'Sam Halifax'),
(18, 'Dredi Blazewski'),
(19, 'Dominga Tabbernor'),
(20, 'Junia Le Provest'),
(21, 'Cort Saleway'),
(22, 'Jimmie Bassilashvili'),
(23, 'Norah Luther'),
(24, 'Alysa Felten'),
(25, 'Denni Trunby'),
(26, 'Halley Neno'),
(27, 'Lenka Towlson'),
(28, 'Bob Lutsch'),
(29, 'Edgar Curnucke'),
(30, 'Rodger Tann'),
(31, 'Coop Yo'),
(32, 'Dallas Niche'),
(33, 'Durante MacPaik'),
(34, 'Essa Skinner'),
(35, 'Tiebold Simyson'),
(36, 'Veronika Goligher'),
(37, 'Mariele Cursey'),
(38, 'Andre Pieter'),
(39, 'Aguie Josskovitz'),
(40, 'Gabie Freathy'),
(41, 'Lou Ruben'),
(42, 'Luis Sam'),
(43, 'Kipp Miskimmon'),
(44, 'Candis Biggerstaff'),
(45, 'Lisette Church'),
(46, 'Shanda Probets'),
(47, 'Abbott Yushin'),
(48, 'Gerta Jaspar'),
(49, 'Hermia Gyngyll'),
(50, 'Lynea Middleton'),
(51, 'Linzy Duthy'),
(52, 'Hobey Cockrem'),
(53, 'Corella Portlock'),
(54, 'Waldemar Lemanu'),
(55, 'Inglis Lowthian'),
(56, 'Rich Rablen'),
(57, 'Kathleen Vanetti'),
(58, 'Michale Cromer'),
(59, 'Prent Punch'),
(60, 'Ula Simester'),
(61, 'Jacquelyn Dmtrovic'),
(62, 'Granthem Antonovic'),
(63, 'Pearline Zanneli'),
(64, 'Steven Kupker'),
(65, 'Kincaid Wakefield'),
(66, 'Roxi Oakes'),
(67, 'Doralynne Rainsdon'),
(68, 'Codie O\'Daly'),
(69, 'Kaleb Fumagall'),
(70, 'Oriana Newlove'),
(71, 'Aretha Winger'),
(72, 'Vincenty Parrott'),
(73, 'Karalee Benardette'),
(74, 'Elfie Derell'),
(75, 'Nertie d\' Elboux'),
(76, 'Kai Guillain'),
(77, 'Dorine Fanti'),
(78, 'Hunt Jaffra'),
(79, 'Care Patience'),
(80, 'Christian Saddington'),
(81, 'Heath Corcut'),
(82, 'Papageno Klimus'),
(83, 'Yank Yendall'),
(84, 'Bat Perott'),
(85, 'Barnabe Whiten'),
(86, 'Ramsey Barkley'),
(87, 'Mack Pellamonuten'),
(88, 'Garry Canada'),
(89, 'Camey Ruprechter'),
(90, 'Cam Borlease'),
(91, 'Samaria Scotfurth'),
(92, 'Anneliese Windows'),
(93, 'Lana Earle'),
(94, 'Des Yorkston'),
(95, 'Juditha Hucke'),
(96, 'Timoteo Sherer'),
(97, 'Webster Carlick'),
(98, 'Chiarra Georgeson'),
(99, 'Daryle Scroggie'),
(100, 'Walton Izkoveski');

-- --------------------------------------------------------

--
-- Estructura de tabla para la tabla `pacientes`
--

CREATE TABLE `pacientes` (
  `id_paciente` int(11) NOT NULL,
  `nombre` varchar(100) NOT NULL,
  `direccion` varchar(100) NOT NULL,
  `telefono` varchar(100) NOT NULL,
  `CI` varchar(100) NOT NULL
) ENGINE=InnoDB DEFAULT CHARSET=utf8mb4;

--
-- Volcado de datos para la tabla `pacientes`
--

INSERT INTO `pacientes` (`id_paciente`, `nombre`, `direccion`, `telefono`, `CI`) VALUES
(1, 'Brod Beedon', '9 Crownhardt Plaza', '147-76-2278', '564-24-9990'),
(2, 'Sterling Cartwight', '222 Rieder Way', '775-57-8529', '133-13-4216'),
(3, 'Franciska Roake', '524 Bobwhite Center', '882-37-0928', '214-13-0438'),
(4, 'Tabatha Buist', '30 Vermont Crossing', '448-76-7495', '411-69-9755'),
(5, 'Monah Antoney', '24 Crest Line Park', '828-53-3700', '185-25-8929'),
(6, 'Dehlia Pietrowicz', '19060 Pierstorff Terrace', '667-77-1276', '192-63-5163'),
(7, 'Corie Antonsson', '8613 Hanson Road', '467-89-8887', '779-61-6223'),
(8, 'Anett Fell', '638 Dottie Drive', '411-74-3602', '538-72-6290'),
(9, 'Sherlock Rubberts', '30 Anderson Way', '857-31-4392', '847-05-3450'),
(10, 'Arvie Lilley', '809 Brickson Park Terrace', '307-13-7689', '486-99-1979'),
(11, 'Raymond Matteris', '9020 Grover Point', '646-43-8820', '658-05-5813'),
(12, 'Shani Dallander', '19705 Talmadge Pass', '258-34-5269', '146-38-3927'),
(13, 'Sibyl Quodling', '741 Burrows Point', '488-31-7756', '869-65-7006'),
(14, 'Timmi Playford', '4 Gateway Road', '617-33-9702', '494-51-3361'),
(15, 'Marcy Ridel', '376 Hanson Pass', '766-05-0152', '285-97-5165'),
(16, 'Adele Currm', '1 Express Drive', '641-57-8954', '631-41-8797'),
(17, 'Irene Mote', '61 Shopko Lane', '746-71-8356', '684-22-7692'),
(18, 'Aldwin Poetz', '32 Steensland Alley', '594-41-2238', '135-34-1670'),
(19, 'Mohammed Ashlin', '166 Golf Point', '594-06-0421', '228-91-6130'),
(20, 'Dominga Tadgell', '26 Hudson Trail', '556-59-6181', '356-08-6304'),
(21, 'Duffie MacAlees', '54549 Esch Terrace', '327-31-6047', '636-84-8941'),
(22, 'Issi Decaze', '487 Shasta Center', '176-32-5062', '191-96-4636'),
(23, 'Zaneta Franceschi', '26 Prairie Rose Plaza', '516-11-7286', '762-67-6236'),
(24, 'Marion Dowdle', '394 Anhalt Drive', '191-10-8223', '141-25-7149'),
(25, 'Any McIlrath', '6 Veith Alley', '805-01-2242', '864-85-0156'),
(26, 'Marthena Buddle', '505 Mallory Parkway', '767-41-7746', '881-14-8456'),
(27, 'Amitie Clearie', '11 Northridge Lane', '203-53-7596', '621-68-8963'),
(28, 'Homere Lichfield', '3 Fair Oaks Junction', '108-48-7841', '686-34-6147'),
(29, 'Gillie Breznovic', '635 Kenwood Alley', '688-53-2341', '720-77-7799'),
(30, 'Tracy Prisk', '376 Golf View Avenue', '862-72-7398', '658-95-7984'),
(31, 'Alphonso Grebert', '9297 Goodland Trail', '291-07-1264', '876-49-2990'),
(32, 'Brana Marieton', '90 Arkansas Pass', '865-74-8366', '835-29-7349'),
(33, 'Coletta Ammer', '0626 Declaration Way', '762-49-6375', '680-38-0953'),
(34, 'Alma Raun', '69 School Court', '210-88-2929', '315-91-2268'),
(35, 'Lawton Hulstrom', '984 Spohn Parkway', '303-67-5369', '410-35-9163'),
(36, 'Eyde Orpen', '2 Washington Center', '755-88-2342', '453-34-9310'),
(37, 'Arda Sitlinton', '32459 Village Alley', '879-25-7918', '818-09-3744'),
(38, 'Melisent Skaif', '6 Grim Street', '719-36-5930', '662-56-9270'),
(39, 'Janaya Baynham', '12700 Harper Trail', '654-52-8375', '600-32-8213'),
(40, 'Candice Haugh', '253 Duke Way', '102-06-7417', '505-38-5239'),
(41, 'Leilah Costerd', '64 Lotheville Way', '511-61-9135', '675-21-6117'),
(42, 'Christan Stirgess', '1931 Glendale Lane', '897-22-6397', '457-22-4085'),
(43, 'Jarvis Whanstall', '2 Manitowish Way', '412-97-6123', '813-25-4067'),
(44, 'Raimondo Seiller', '964 Homewood Court', '879-15-7638', '395-70-5951'),
(45, 'Sandi Imeson', '61 Anzinger Drive', '621-90-2811', '134-43-4207'),
(46, 'Haskell Iddison', '4 Kennedy Alley', '709-50-9159', '265-98-8198'),
(47, 'Shanda Tailour', '64 Saint Paul Junction', '308-16-4238', '228-96-7653'),
(48, 'Justina McGraw', '76 Pond Hill', '700-10-3528', '714-41-9979'),
(49, 'Ky Wenham', '3 Nova Circle', '482-26-5372', '701-19-1755'),
(50, 'Jock Newcomen', '5694 Park Meadow Parkway', '160-46-8413', '417-82-2843'),
(51, 'Red Gillet', '52314 Sage Parkway', '434-52-2689', '362-96-2182'),
(52, 'Desdemona Holwell', '50 Merchant Trail', '785-93-5742', '448-77-6335'),
(53, 'Allie Ranscombe', '68825 Gina Place', '382-27-8747', '333-79-6924'),
(54, 'Bethina Adamsen', '8 Holy Cross Crossing', '548-28-7318', '801-59-3193'),
(55, 'Maurits Gair', '07 Debs Avenue', '748-15-2684', '469-01-1857'),
(56, 'Liane Yakunin', '2074 Sherman Street', '253-81-0324', '498-27-9528'),
(57, 'Irina Geraudy', '69 Jana Park', '237-61-8931', '548-95-1849'),
(58, 'Annis Shankster', '3 Crownhardt Way', '559-48-7451', '798-19-6220'),
(59, 'Enoch Mayston', '473 Anzinger Avenue', '518-91-5306', '197-68-7092'),
(60, 'Carlene Renish', '44 Londonderry Drive', '110-10-5561', '117-03-8190'),
(61, 'Jorie Chattell', '7524 Graedel Park', '250-40-9227', '429-42-2514'),
(62, 'Merv Brickell', '9 Petterle Junction', '430-43-5609', '400-52-4180'),
(63, 'Martie O\' Driscoll', '85720 Kennedy Way', '773-01-3057', '270-41-8254'),
(64, 'Nadya Aikin', '61 Glendale Parkway', '529-09-7709', '796-55-8827'),
(65, 'Kaitlynn Nasi', '505 Stoughton Alley', '155-56-3138', '172-91-0263'),
(66, 'Zaneta Markushkin', '7704 Colorado Road', '723-70-6692', '713-73-4896'),
(67, 'Jaimie Isaacs', '8092 Lyons Circle', '221-12-3950', '674-06-3738'),
(68, 'Roxi Chesney', '61 Acker Hill', '859-87-5451', '538-98-9475'),
(69, 'Peadar Boole', '87 Del Mar Park', '709-89-4123', '127-69-4931'),
(70, 'Shara Childes', '9299 Elgar Circle', '817-09-4519', '179-33-5900'),
(71, 'Gardie Atcheson', '90755 Union Pass', '224-66-0322', '877-27-0777'),
(72, 'Rheta Checklin', '40715 Hauk Drive', '647-85-4762', '401-95-3290'),
(73, 'Lorette Dowtry', '83966 Coleman Trail', '284-05-2996', '517-81-8399'),
(74, 'Raleigh Baird', '8318 Hauk Circle', '270-44-8607', '713-52-2676'),
(75, 'Anya Riddiford', '24 Burrows Crossing', '381-12-2263', '795-76-7792'),
(76, 'Burnaby Bewley', '3 Fulton Junction', '194-13-0293', '506-28-9364'),
(77, 'Cathryn Shilburne', '187 Macpherson Hill', '761-06-4949', '279-95-8369'),
(78, 'Joanie Dagnall', '7 Rockefeller Drive', '710-82-9842', '164-06-2167'),
(79, 'Harv Lumbley', '357 Hoffman Court', '443-90-0944', '387-39-0078'),
(80, 'Jerrold Bernardo', '8 Bowman Alley', '796-58-2743', '866-93-8500'),
(81, 'Moira Coleiro', '35299 Dryden Parkway', '700-72-3610', '477-47-9198'),
(82, 'Chevalier Sibthorp', '16 Clemons Plaza', '121-33-8989', '197-01-9242'),
(83, 'Sue Cohalan', '774 Washington Hill', '698-74-1756', '418-10-3500'),
(84, 'Fiorenze Chmarny', '63079 Mallard Road', '234-33-6741', '834-09-6837'),
(85, 'Che Josephi', '9451 East Terrace', '804-94-2797', '455-21-2243'),
(86, 'Yance Organer', '3 Dunning Junction', '226-37-8016', '385-30-8776'),
(87, 'Luciana Tailby', '91 Comanche Place', '463-68-6880', '701-13-3931'),
(88, 'Giralda D\'Agostini', '2173 Havey Drive', '736-69-4008', '214-14-7269'),
(89, 'Caroline Escale', '9195 Mallory Place', '112-23-8613', '625-30-9623'),
(90, 'Bianca Nossent', '39 Golf Center', '779-40-2090', '355-80-3804'),
(91, 'Tailor Rann', '326 5th Way', '256-18-3794', '864-21-9839'),
(92, 'Puff Parkisson', '16 Stuart Place', '551-93-7674', '204-68-4771'),
(93, 'Ileana Hassey', '4 Ramsey Road', '898-57-2764', '386-73-3654'),
(94, 'Lancelot Tassaker', '8 5th Court', '136-38-4428', '798-35-9069'),
(95, 'Lydon Tossell', '31314 Mallard Circle', '607-99-5988', '461-87-8433'),
(96, 'Ellsworth Trasler', '9 Elmside Crossing', '768-30-1033', '731-63-2286'),
(97, 'Dunc Townend', '7 Heath Trail', '429-37-8309', '710-48-5619'),
(98, 'Alden Prahm', '66 Bay Park', '304-11-4066', '603-64-5870'),
(99, 'Vance Cutmare', '10397 Basil Hill', '774-75-2795', '826-37-4368'),
(100, 'Herby Phonix', '0 Vernon Place', '236-40-1927', '772-78-7688'),
(101, 'Tedi Tomek', '44287 Farmco Way', '286-74-9145', '797-71-3074'),
(102, 'Cash Carnihan', '80 Sauthoff Park', '847-03-7722', '371-40-8675'),
(103, 'Devina Rizzo', '4105 Sachtjen Lane', '518-22-7625', '720-43-1277'),
(104, 'Raoul Sharpling', '7862 Chinook Trail', '844-32-2595', '150-80-2333'),
(105, 'Deirdre Syres', '0 Vidon Drive', '288-46-1504', '543-62-5749'),
(106, 'Henry Lukesch', '306 Stephen Parkway', '216-07-5701', '415-66-6398'),
(107, 'Anestassia Dunnet', '77055 Fuller Way', '860-26-3747', '656-69-7206'),
(108, 'Gideon Galero', '390 Mesta Place', '864-07-6970', '560-30-1091'),
(109, 'Benson Claris', '417 Mallard Junction', '383-50-0270', '583-52-1410'),
(110, 'Magnum Le Sarr', '3 Sunfield Terrace', '164-43-4243', '770-50-8670'),
(111, 'Fleurette Boerder', '5287 Garrison Hill', '616-36-0162', '239-93-5939'),
(112, 'Lidia Filyushkin', '9463 Holmberg Alley', '135-73-0664', '760-64-3270'),
(113, 'Dorey Rowlett', '788 Farwell Road', '590-40-7940', '559-48-8165'),
(114, 'Lisbeth Piens', '4 Lien Trail', '253-45-2857', '835-99-2215'),
(115, 'Torr Eplett', '272 Superior Circle', '363-85-8959', '701-32-4116'),
(116, 'Fielding Cheesworth', '7119 Cambridge Trail', '277-61-8706', '515-67-3960'),
(117, 'Wendi Hyndman', '318 Forest Run Alley', '573-01-6896', '484-45-3883'),
(118, 'Christophorus Glavias', '363 Ridgeview Junction', '536-30-7908', '674-78-0005'),
(119, 'Gar Biggar', '822 Lillian Park', '875-52-7611', '109-07-0776'),
(120, 'Lilyan MacPaden', '441 7th Lane', '463-42-0940', '160-79-2995'),
(121, 'Maye Irdale', '510 Mccormick Pass', '108-21-0297', '265-64-9477'),
(122, 'Ignacius Dancey', '01647 Montana Circle', '731-15-2488', '134-76-6766'),
(123, 'Carry Olenikov', '6124 Luster Road', '257-60-7670', '687-01-5836'),
(124, 'Essa Crosland', '8800 Holmberg Avenue', '440-91-8175', '658-17-0560'),
(125, 'Ricca Sergent', '65 Pankratz Way', '590-51-0288', '135-76-4319'),
(126, 'Karlyn Pallatina', '69062 Killdeer Road', '607-75-0425', '642-93-9095'),
(127, 'Sibilla Gaither', '927 Waxwing Parkway', '503-98-6642', '345-57-8415'),
(128, 'Gipsy Tonn', '28 Muir Lane', '544-91-9073', '545-33-8290'),
(129, 'Timofei Pestell', '27655 Valley Edge Trail', '342-77-6256', '450-56-2036'),
(130, 'Layla Plaid', '6567 Meadow Valley Drive', '192-47-7738', '115-67-4046'),
(131, 'Addia Ludewig', '70060 Badeau Hill', '525-80-4028', '219-42-9597'),
(132, 'Colas Greenhalgh', '9 Eastlawn Avenue', '586-94-4809', '820-57-8246'),
(133, 'Erhard Lowbridge', '48 Mayfield Plaza', '746-57-6162', '875-69-8009'),
(134, 'Geri Copozio', '16314 Lerdahl Park', '688-43-0159', '295-87-7851'),
(135, 'Idalia Raincin', '823 Crest Line Circle', '680-96-4040', '508-35-3759'),
(136, 'Aurea Finlaison', '4 Autumn Leaf Way', '271-95-7426', '431-03-0115'),
(137, 'Melessa Bortoluzzi', '14050 Kennedy Hill', '547-38-9111', '256-15-7265'),
(138, 'Sidonnie Marvel', '647 Valley Edge Center', '758-71-7694', '745-27-6722'),
(139, 'Lyssa Shears', '05579 Reinke Circle', '155-87-1608', '719-42-9779'),
(140, 'Rubina Dorcey', '75 Havey Alley', '237-57-7346', '640-09-4370'),
(141, 'Halli Osbourne', '28 Dayton Parkway', '328-97-3562', '781-32-4642'),
(142, 'Darryl Vynoll', '1611 Orin Circle', '296-51-6497', '853-60-3648'),
(143, 'Sutherland Grenshiels', '266 Meadow Vale Lane', '838-06-3698', '752-04-1974'),
(144, 'Odelle Malecky', '4 Hazelcrest Circle', '365-18-4499', '208-86-6769'),
(145, 'Gabriel Astley', '494 Haas Drive', '882-98-6826', '719-97-6887'),
(146, 'Gerrie Hucke', '606 Maryland Avenue', '494-13-0636', '251-77-6108'),
(147, 'Ketti McKellar', '4525 Washington Junction', '718-04-5298', '695-22-8694'),
(148, 'Daphene Frain', '6764 Bultman Way', '851-27-7621', '569-75-3568'),
(149, 'Dulsea Kirkbride', '719 Manufacturers Alley', '857-10-8173', '202-38-1944'),
(150, 'Harriot Warr', '954 Arizona Way', '308-74-2013', '774-93-1873'),
(151, 'Juana Cullity', '2 Goodland Center', '108-15-5366', '158-34-6920'),
(152, 'Henryetta Crat', '991 Anniversary Junction', '281-30-5542', '725-83-6504'),
(153, 'Tome Steutly', '14 Swallow Hill', '670-58-5540', '868-23-0939'),
(154, 'Arlana Linguard', '0458 Vernon Drive', '570-16-3967', '163-41-5058'),
(155, 'Ronalda Corbould', '5 Harper Plaza', '542-85-8974', '482-63-2445'),
(156, 'Boniface Petronis', '334 Golf Course Parkway', '721-47-0276', '811-49-3913'),
(157, 'Timmi Allsobrook', '87277 Sloan Hill', '890-83-4300', '492-85-7150'),
(158, 'Alvis Trowsdale', '20127 Roxbury Terrace', '277-27-2382', '661-28-0132'),
(159, 'Ilario Buzine', '207 Duke Way', '765-53-7709', '587-70-3221'),
(160, 'Loni Cunnah', '78676 Hallows Parkway', '598-65-5126', '536-55-3851'),
(161, 'Florella Gloves', '5 Lerdahl Center', '761-66-7565', '568-75-2596'),
(162, 'Cyb Iannelli', '8834 Schiller Road', '660-15-9802', '334-50-1506'),
(163, 'Prescott Thickens', '83942 Lakewood Gardens Pass', '461-33-9953', '513-98-8850'),
(164, 'Brew Gaddes', '9 Sherman Plaza', '741-97-2402', '510-81-0526'),
(165, 'Reuben Seligson', '49324 Holy Cross Terrace', '618-67-1396', '468-24-1047'),
(166, 'Vida Nail', '9351 Commercial Drive', '457-78-1084', '639-49-6703'),
(167, 'Rickie Bouskill', '637 Esker Alley', '634-13-1936', '865-44-2239'),
(168, 'Kellen Devers', '749 Doe Crossing Parkway', '285-10-2941', '634-60-4908'),
(169, 'Job Lycett', '460 Bartelt Plaza', '459-16-0487', '267-89-0127'),
(170, 'Waylin Twentyman', '81 Kingsford Lane', '400-11-9906', '179-80-8003'),
(171, 'Baillie Abramow', '8 Dottie Parkway', '227-32-1242', '342-98-3656'),
(172, 'Maximilien Primmer', '27315 Chinook Avenue', '108-80-5045', '140-19-4241'),
(173, 'Adella Gligorijevic', '38607 Rusk Point', '820-31-7078', '846-86-3855'),
(174, 'Winne Gleaves', '6 Hanson Plaza', '631-27-5693', '457-47-6034'),
(175, 'Andeee Creegan', '9 Hoffman Center', '169-87-5821', '747-22-1729'),
(176, 'Leigh Battison', '13 Cherokee Way', '384-30-7350', '742-01-3624'),
(177, 'Hobard Downton', '517 Washington Circle', '100-79-4741', '120-04-0545'),
(178, 'Ambrose Nipper', '5399 Welch Street', '444-14-9272', '339-83-1508'),
(179, 'Gennie Diego', '845 Porter Circle', '766-61-3755', '861-47-2110'),
(180, 'Bernelle Bartolomeu', '85659 Eastlawn Point', '196-02-2387', '142-70-2941'),
(181, 'Kandy Rehme', '768 Carpenter Center', '474-48-7853', '268-57-3826'),
(182, 'Stanton Kneath', '41237 Northland Trail', '377-55-5751', '146-11-7260'),
(183, 'West Alen', '2433 Spohn Center', '238-80-8413', '390-77-6769'),
(184, 'Catrina Engelbrecht', '59 Old Shore Pass', '875-02-9395', '654-81-1330'),
(185, 'Robers Presser', '88487 Warner Hill', '134-05-9899', '685-42-6682'),
(186, 'Rance Josefson', '96 Annamark Place', '612-62-8904', '127-98-7196'),
(187, 'Frederik Pennock', '1270 Nelson Hill', '169-02-5416', '468-79-4333'),
(188, 'Gearalt Bonnick', '67683 Sachs Place', '395-91-8239', '437-26-0588'),
(189, 'Cody Gaddie', '4467 Jana Center', '218-14-1310', '686-35-5889'),
(190, 'Alleyn Cocher', '7864 Westend Avenue', '313-32-9023', '648-60-8659'),
(191, 'Alfy Blakeway', '0 Continental Drive', '664-26-9804', '776-38-7178'),
(192, 'Camille Dunne', '3513 Moose Pass', '457-07-7360', '579-02-6860'),
(193, 'Lion Cofax', '90296 Lake View Court', '659-88-8997', '400-75-3855'),
(194, 'Marcelline Woolacott', '455 Kropf Pass', '351-80-6087', '891-48-9833'),
(195, 'Sherri Mullinder', '678 Packers Circle', '165-56-3554', '286-86-3529'),
(196, 'Scot Bellord', '17063 Old Gate Circle', '177-93-3410', '205-47-4320'),
(197, 'Maurie Hestrop', '3 Paget Plaza', '679-32-2555', '562-82-4683'),
(198, 'Lizette Earingey', '0 Helena Crossing', '818-34-4935', '613-40-4806'),
(199, 'Livvy Cargon', '33 Waywood Center', '169-31-4102', '883-67-6819'),
(200, 'Aldo Ingilson', '02 Fremont Trail', '655-06-1200', '801-34-7224'),
(201, 'Dorothy Hallowes', '68814 Burrows Way', '839-76-9794', '730-58-5526'),
(202, 'Kelsi Wardel', '5 Thompson Court', '809-85-5225', '477-91-4757'),
(203, 'Petunia Stonebridge', '3 Sugar Trail', '329-96-9572', '541-20-3053'),
(204, 'Anallese Giovannilli', '93557 Merchant Terrace', '653-15-1914', '384-50-6123'),
(205, 'Arthur Trewhitt', '061 Parkside Drive', '545-07-3004', '675-47-3017'),
(206, 'Essy Shanahan', '385 Elgar Court', '470-08-5916', '395-38-3555'),
(207, 'Ursuline Rosson', '2 Graceland Avenue', '811-27-8681', '431-02-0849'),
(208, 'Bald Kefford', '4387 Mccormick Way', '545-54-8075', '774-44-8030'),
(209, 'Lucille Corre', '8 Waxwing Point', '359-39-4850', '704-65-5780'),
(210, 'Diena Bownes', '9750 Northridge Place', '423-09-7122', '668-13-0289'),
(211, 'Winnie Perle', '68 Waxwing Crossing', '748-42-8380', '540-35-8650'),
(212, 'Lawrence Fabri', '3 Longview Lane', '810-48-2841', '690-33-4745'),
(213, 'Brittne Knox', '09 Mcguire Park', '528-61-4502', '420-30-5405'),
(214, 'Bekki Kenlin', '489 Dottie Point', '703-39-3207', '333-07-2839'),
(215, 'Lynne Lindstrom', '7 Ridge Oak Plaza', '416-13-6203', '302-05-3965'),
(216, 'Kaitlyn Dorow', '8 Northwestern Way', '419-84-4340', '530-37-7589'),
(217, 'Kelly McLucas', '30700 Mendota Way', '610-75-8829', '373-01-1714'),
(218, 'Stuart Dohr', '5 North Parkway', '560-42-8382', '366-39-5617'),
(219, 'Perla Castanyer', '01882 Norway Maple Parkway', '749-72-1365', '613-68-5270'),
(220, 'Nomi Dayes', '88 Hanson Plaza', '586-76-5762', '642-73-4859'),
(221, 'Leena Whylie', '2175 Wayridge Way', '210-61-1208', '263-05-6607'),
(222, 'Allayne Kersaw', '55 Luster Circle', '874-60-5161', '529-80-3862'),
(223, 'Brockie Lydon', '164 Green Plaza', '670-21-1651', '207-09-0950'),
(224, 'Luella Guyonnet', '90 Havey Place', '420-05-2773', '758-85-4115'),
(225, 'Francois Gallaher', '0 Express Parkway', '607-94-9196', '425-74-9144'),
(226, 'Christan Birt', '13 Gina Way', '629-43-5310', '640-81-6437'),
(227, 'Fara Smitton', '7685 Comanche Court', '250-98-4395', '747-79-7135'),
(228, 'Tabby de Guise', '359 Dennis Park', '530-95-4063', '497-42-9532'),
(229, 'Taber Marini', '83784 Bunker Hill Center', '445-45-4160', '129-90-8202'),
(230, 'Neil Khomich', '34 Northwestern Pass', '107-87-4373', '588-47-4024'),
(231, 'Honey Addekin', '16 Sutherland Street', '894-81-7888', '173-82-0698'),
(232, 'Calida Poll', '7018 Walton Center', '192-54-8107', '507-06-0687'),
(233, 'Annmaria Darley', '39 Ridgeway Plaza', '638-79-6130', '545-52-4610'),
(234, 'Miof mela Scotland', '58 Stuart Trail', '306-18-4001', '821-01-1763'),
(235, 'Ardis Course', '3 Jay Street', '564-68-7005', '299-89-5632'),
(236, 'Milli Rockey', '85981 Mendota Parkway', '107-17-7159', '261-64-7771'),
(237, 'Morena Gofton', '69007 Dryden Alley', '432-53-2851', '389-66-0560'),
(238, 'Xena Plinck', '69879 Thierer Avenue', '720-93-0471', '197-39-8572'),
(239, 'Anna-maria Hendin', '38 Superior Park', '547-54-9951', '876-68-8277'),
(240, 'Nichole Mott', '5 Muir Trail', '482-41-3325', '268-12-4296'),
(241, 'Janifer Morfey', '412 Bowman Alley', '789-96-8267', '487-07-7917'),
(242, 'Brucie Burgwyn', '61 Old Shore Drive', '173-33-2528', '385-59-2821'),
(243, 'Christoper Rogliero', '8 Sugar Street', '242-68-0932', '431-41-1243'),
(244, 'Corly Hazell', '00 Boyd Alley', '416-15-4614', '218-54-7590'),
(245, 'Ric Tomowicz', '43747 Mockingbird Crossing', '337-35-2738', '685-85-4536'),
(246, 'Paul Coston', '02684 Doe Crossing Crossing', '119-21-2091', '644-20-2304'),
(247, 'Crawford Luc', '048 Prentice Drive', '598-16-7877', '695-99-2732'),
(248, 'Sigvard Twentyman', '85 Sundown Parkway', '742-96-6951', '606-97-5091'),
(249, 'Amberly Confort', '09 Esker Street', '681-65-8294', '427-93-9598'),
(250, 'Erena Hayman', '1200 Badeau Lane', '147-05-7658', '713-81-1688'),
(251, 'Imogene Seage', '94246 Bashford Point', '422-61-6259', '494-98-1933'),
(252, 'Dulcine Wadhams', '049 Helena Terrace', '782-87-5836', '799-04-1421'),
(253, 'Adolph Gotling', '0389 Rowland Road', '240-11-6816', '671-83-7480'),
(254, 'Tod Malham', '484 Jana Alley', '649-59-0348', '758-70-9546'),
(255, 'Orrin Saxelby', '2 Forest Dale Alley', '339-99-3746', '114-50-6921'),
(256, 'Karole Tomaskov', '41780 Northview Center', '426-70-8641', '128-45-4827'),
(257, 'Wait Bentje', '270 Briar Crest Pass', '590-37-3893', '503-84-7117'),
(258, 'Donovan Warner', '66 Loftsgordon Trail', '328-73-4724', '692-07-3756'),
(259, 'Frayda Leversuch', '852 Warner Way', '605-16-6735', '823-07-4424'),
(260, 'Bev Mcasparan', '39366 Raven Park', '492-40-8675', '763-63-4144'),
(261, 'Lisle Kibard', '62768 Laurel Pass', '135-80-2773', '121-50-2003'),
(262, 'Shae Strongman', '72 Blaine Crossing', '831-25-2527', '775-18-8468'),
(263, 'Bert Klambt', '49 Bluestem Street', '368-27-8605', '853-51-9170'),
(264, 'Linzy Slatten', '01 Pine View Place', '473-61-4121', '706-29-3202'),
(265, 'Rica Heersma', '8 Thackeray Court', '142-38-0636', '814-82-6594'),
(266, 'Loella Trower', '625 Annamark Trail', '488-97-6776', '781-54-4676'),
(267, 'Aylmer Fargie', '8295 Carey Way', '292-31-0821', '258-70-8230'),
(268, 'Whitby McEnery', '5308 Stoughton Alley', '809-99-4149', '725-24-3579'),
(269, 'Frank Wilfinger', '9428 Mosinee Street', '382-81-6964', '557-21-1944'),
(270, 'Gard Briskey', '176 Meadow Ridge Avenue', '513-86-3018', '254-16-1367'),
(271, 'Ariella Groundwator', '183 Hanover Alley', '719-43-9701', '281-42-1376'),
(272, 'Rhonda Gilderoy', '9781 Shopko Hill', '270-65-8642', '640-34-3513'),
(273, 'Deane Vogt', '1566 Dahle Point', '129-71-7559', '458-20-8278'),
(274, 'Sheree Berthome', '7 Huxley Circle', '764-60-8329', '315-82-5642'),
(275, 'Carita Ticehurst', '8547 Redwing Point', '230-03-9932', '684-11-2009'),
(276, 'Ellynn Stenners', '7035 Larry Center', '523-67-6511', '675-37-4839'),
(277, 'Marina Joannet', '63915 Laurel Street', '250-69-8605', '197-02-4780'),
(278, 'Vally Llewellin', '7159 Heath Court', '338-54-8294', '142-66-8830'),
(279, 'Skyler Champkin', '926 Cherokee Alley', '835-88-2765', '605-58-3792'),
(280, 'Ardelia Kinsman', '1 Butternut Street', '511-59-2798', '524-87-4740'),
(281, 'Jennie Nibley', '3 Lakeland Point', '505-96-4301', '519-61-6944'),
(282, 'Morgana Arundale', '283 Forster Court', '584-99-4541', '772-33-8727'),
(283, 'Jillana Vittore', '22022 7th Crossing', '600-31-4738', '681-76-7665'),
(284, 'Bernardo Bullocke', '772 Veith Park', '831-53-9171', '299-68-1636'),
(285, 'Orrin Whiteway', '0 Westport Street', '448-41-7935', '236-91-9260'),
(286, 'Merrill Lghan', '625 Carpenter Street', '577-01-2070', '787-18-9277'),
(287, 'Ollie Mouland', '82 Hanson Lane', '687-11-1568', '691-85-9468'),
(288, 'Alain Le Lievre', '7 Sundown Pass', '850-60-8359', '670-35-4009'),
(289, 'Tadeo Sare', '4 Knutson Pass', '567-20-0458', '189-96-2287'),
(290, 'Brook Michelmore', '56253 Anniversary Parkway', '597-66-1845', '866-48-1316'),
(291, 'Amabel Peggrem', '94 Anthes Hill', '378-38-6485', '784-87-1863'),
(292, 'Freeland Blucher', '8528 Fulton Alley', '761-97-2871', '390-81-9789'),
(293, 'Maurizio Mariel', '089 Roth Way', '134-02-4983', '368-91-0773'),
(294, 'Mathilda Rangell', '2 Bunker Hill Street', '426-40-2596', '226-75-8413'),
(295, 'Tawnya Bramo', '8175 Steensland Junction', '182-32-1456', '162-41-6099'),
(296, 'Lilas Craddock', '139 Gateway Alley', '228-45-1716', '425-61-3654'),
(297, 'Blair Baly', '94 Lyons Alley', '312-42-2316', '715-26-2065'),
(298, 'Yardley Woolrich', '6 Harper Trail', '630-25-9850', '540-88-1864'),
(299, 'Wat Carlin', '1061 Macpherson Court', '194-51-9676', '718-34-5065'),
(300, 'Berrie Willacot', '3 Trailsway Lane', '415-02-3870', '590-23-4187'),
(301, 'Bartlet Sime', '0 Dwight Road', '518-65-0075', '577-13-0882'),
(302, 'Rupert Lumox', '84097 Maple Wood Lane', '699-59-4319', '276-69-1008'),
(303, 'Berny Potter', '9 Londonderry Drive', '729-84-3219', '334-29-3275'),
(304, 'Marcy Cliss', '85880 Jana Terrace', '886-54-6685', '746-08-1966'),
(305, 'Blithe Anthonies', '6 Westport Road', '457-33-2050', '844-79-0952'),
(306, 'Bil Sainsberry', '953 Dakota Parkway', '546-70-5173', '353-36-8641'),
(307, 'Salli Mc Elory', '4859 Judy Alley', '250-88-6903', '433-15-3681'),
(308, 'Caty McPeeters', '0 Pepper Wood Point', '830-60-5697', '100-77-4844'),
(309, 'Lefty Dregan', '063 Monument Center', '743-05-7142', '740-39-9653'),
(310, 'Isa Lippiatt', '075 Quincy Pass', '265-92-7903', '290-12-4051'),
(311, 'Rosemaria O\'Corren', '105 Emmet Parkway', '256-26-4428', '226-50-2560'),
(312, 'Dionisio Kraut', '801 Memorial Trail', '599-66-3547', '582-83-5378'),
(313, 'Sibeal Cherry', '842 Moland Point', '847-57-8901', '883-24-9568'),
(314, 'Tudor Shitliff', '675 Ridgeview Court', '813-69-9453', '120-77-8194'),
(315, 'Angel Buchett', '9 Anhalt Point', '231-70-0045', '714-62-7232'),
(316, 'Delmar Sabattier', '947 Bartillon Parkway', '120-48-1767', '325-53-3185'),
(317, 'Earl Graveston', '7187 Gerald Trail', '100-77-8147', '610-03-9342'),
(318, 'Bay Brigham', '1265 Algoma Street', '442-21-7337', '606-18-6275'),
(319, 'Georgine Mucklow', '691 Lighthouse Bay Lane', '622-14-0290', '616-50-8807'),
(320, 'Shane Attrill', '47 Cottonwood Place', '125-17-2091', '767-98-3227'),
(321, 'Marie Rops', '115 Forest Dale Trail', '112-33-5305', '118-09-6588'),
(322, 'Ailina McOrkil', '7155 Buell Road', '332-04-2037', '744-74-6795'),
(323, 'Nester Williamson', '758 Merchant Circle', '660-93-2945', '784-32-6725'),
(324, 'Alexina Bon', '94846 Veith Junction', '391-31-6712', '870-93-4101'),
(325, 'Aldo Carlesi', '56 Katie Crossing', '192-49-6264', '795-67-4008'),
(326, 'Ladonna Beamont', '10708 3rd Place', '716-28-6378', '176-79-5802'),
(327, 'Layton Lowther', '11735 Swallow Parkway', '559-80-0864', '521-42-0375'),
(328, 'Elsinore Filipowicz', '4 Shoshone Lane', '457-64-8561', '418-98-7660'),
(329, 'Teodoro Mundie', '2 Paget Place', '174-98-9437', '287-34-2124'),
(330, 'Emalia Schiementz', '7 Gulseth Alley', '401-70-5988', '199-26-4053'),
(331, 'Gabriellia Mateus', '5442 Crownhardt Center', '650-37-1382', '527-42-5248'),
(332, 'Boris Braven', '5208 International Circle', '735-01-0938', '877-79-4603'),
(333, 'Cammie Bloodworth', '319 Harbort Way', '396-72-7564', '867-75-9905'),
(334, 'Moina Dalmon', '5 Southridge Crossing', '101-29-0259', '798-13-9634'),
(335, 'Gene Wingfield', '2 Messerschmidt Alley', '550-96-4277', '751-43-7137'),
(336, 'Mehetabel Lavrick', '26 Washington Park', '777-45-0274', '703-52-5688'),
(337, 'Elnora Goward', '19 Utah Circle', '707-71-2641', '300-42-8352'),
(338, 'Riordan Jehaes', '50 Cottonwood Circle', '685-21-4952', '217-98-9512'),
(339, 'Nikolia Doddemeede', '8448 Columbus Point', '824-27-1601', '440-74-2946'),
(340, 'Wendeline Rechert', '32880 Cambridge Hill', '269-75-4537', '214-86-7891'),
(341, 'Vasili Hovell', '179 Carey Street', '709-97-7547', '548-88-3250'),
(342, 'Roxana Kencott', '89 Fuller Pass', '361-18-5535', '683-60-6083'),
(343, 'Earlie Fayre', '2719 Menomonie Lane', '527-94-7718', '240-58-0795'),
(344, 'Wilmar Couve', '9982 Grasskamp Center', '139-81-6298', '567-88-9368'),
(345, 'Jenica Hassell', '2795 Surrey Hill', '334-85-7419', '711-72-0161'),
(346, 'Chancey MacSharry', '8 Leroy Street', '760-84-6987', '388-94-3442'),
(347, 'Morten Mulderrig', '90 Barnett Crossing', '182-71-1315', '252-94-8362'),
(348, 'Celeste Wolffers', '75 Arrowood Trail', '681-97-7019', '796-26-3895'),
(349, 'Dyna Van der Kruys', '6 Vera Pass', '442-78-5202', '711-54-6488'),
(350, 'Kahlil Sherrum', '7 Southridge Court', '222-96-7708', '386-95-0091'),
(351, 'Ardenia Bucksey', '777 Vahlen Street', '357-42-8479', '165-87-7727'),
(352, 'Cecile Garden', '9 Northport Alley', '273-80-9059', '237-63-4081'),
(353, 'Almire Sterrick', '58369 Veith Way', '111-69-0367', '601-38-6607'),
(354, 'Katleen Willmott', '058 Esch Trail', '222-85-8825', '887-28-0882'),
(355, 'Kimbell Ashurst', '24096 Village Crossing', '168-49-1128', '683-93-1548'),
(356, 'Glenda Stryde', '90453 Burrows Avenue', '527-74-4804', '815-16-1471'),
(357, 'Merridie Barnewall', '67158 Hudson Place', '332-76-9403', '609-26-9322'),
(358, 'Craig Boyse', '79 3rd Plaza', '359-74-4575', '453-61-2070'),
(359, 'Winnah Leggat', '006 East Park', '213-11-0824', '750-16-3550'),
(360, 'Ripley Dies', '3535 Old Shore Circle', '484-33-7436', '798-19-2216'),
(361, 'Cody Bentz', '6475 Bunting Lane', '340-73-1362', '730-09-1764'),
(362, 'Dorene Rippon', '10 Lillian Road', '157-79-5498', '239-63-8000'),
(363, 'Cassandry Caunt', '38504 Nancy Trail', '544-85-1589', '502-80-8507'),
(364, 'Wilow Derby', '47757 Esch Junction', '584-26-2829', '626-96-8586'),
(365, 'Hetti Fishley', '72 La Follette Center', '381-61-3281', '425-29-1973'),
(366, 'Vinnie Benezet', '81389 Meadow Vale Lane', '741-86-3358', '115-85-2322'),
(367, 'Lydon Norewood', '5 Weeping Birch Point', '295-18-1269', '807-97-5969'),
(368, 'Gilbertine McGreil', '51090 Dwight Center', '644-95-7318', '544-59-8830'),
(369, 'Bobbie Gaspero', '830 Lukken Place', '714-19-6644', '590-80-2242'),
(370, 'Karena Moatt', '782 Dorton Trail', '593-49-9094', '644-43-2080'),
(371, 'Abagail Skittrall', '0 Grover Pass', '262-16-7546', '284-37-3479'),
(372, 'Keefer Griffoen', '17268 Merchant Center', '350-59-5485', '170-35-3589'),
(373, 'Rocky Aindrais', '57 Pennsylvania Court', '195-65-6553', '607-15-1012'),
(374, 'Becky Rowet', '3726 Pierstorff Parkway', '877-02-0775', '114-49-6890'),
(375, 'Olivero Starzaker', '5882 Debra Circle', '316-31-6749', '369-90-6269'),
(376, 'Onfre Ivanisov', '8559 Meadow Vale Alley', '179-64-5444', '633-55-9805'),
(377, 'Thia Gent', '6 Moose Road', '167-97-9464', '292-97-5578'),
(378, 'Lynnelle McInerney', '12197 Dunning Park', '382-77-9023', '259-42-7328'),
(379, 'Beret Croce', '13454 Loftsgordon Crossing', '541-02-5796', '306-95-8216'),
(380, 'Lorianna Tolliday', '2 Emmet Parkway', '556-23-7534', '707-58-8907'),
(381, 'Aaren Newburn', '50134 Oak Valley Alley', '611-08-1793', '467-84-9116'),
(382, 'Terry Boughton', '0641 Quincy Terrace', '567-93-5934', '441-13-9084'),
(383, 'Sidonia Halewood', '78432 Fairfield Circle', '832-14-7091', '884-10-6929'),
(384, 'Dona Sowerbutts', '249 Scott Junction', '247-94-8174', '739-42-4981'),
(385, 'Guillermo Jillis', '760 Holmberg Park', '723-04-4903', '541-94-7995'),
(386, 'El Slafford', '12614 Roth Way', '124-90-1823', '821-78-6078'),
(387, 'Rivkah Zoanetti', '9 Marquette Terrace', '642-76-9884', '144-42-0401'),
(388, 'Chrissy Durant', '3 Bluejay Pass', '247-11-0697', '399-62-1745'),
(389, 'Derron Handasyde', '66618 Caliangt Junction', '345-32-1249', '406-45-4646'),
(390, 'Donetta Ben-Aharon', '3 Lighthouse Bay Way', '193-17-4646', '213-46-3538'),
(391, 'Gilburt Saldler', '13 Anthes Parkway', '528-72-5033', '332-98-4537'),
(392, 'Lorain Feltham', '98 Linden Drive', '113-41-3605', '789-86-3139'),
(393, 'Frants Peto', '05476 Chive Park', '419-99-5285', '735-80-3175'),
(394, 'Lorry Larman', '8881 Eagan Way', '248-02-6003', '196-53-9214'),
(395, 'Ulberto Tolland', '993 Lukken Pass', '642-56-7390', '381-81-5231'),
(396, 'Dorris Wildblood', '07623 Atwood Court', '268-40-2606', '506-19-7287'),
(397, 'Mattheus Dumbrill', '50860 Surrey Crossing', '470-08-3175', '220-10-0509'),
(398, 'Odie O\' Driscoll', '8005 Porter Road', '895-91-0966', '577-32-1672'),
(399, 'Bar Scrivner', '429 Scofield Drive', '210-79-9979', '768-54-1475'),
(400, 'Blake Hultberg', '6 Buena Vista Park', '646-72-8958', '257-46-2813'),
(401, 'Rozalin Moralis', '60 Carberry Avenue', '600-83-3987', '862-40-6278'),
(402, 'Loella Embury', '321 Longview Point', '828-95-3023', '101-54-4404'),
(403, 'Rennie Larmor', '20103 Mayfield Street', '339-62-1687', '347-78-0271'),
(404, 'Bryon McRorie', '84 Rieder Drive', '683-30-8613', '381-30-7389'),
(405, 'Darsey Borsi', '93 4th Court', '349-72-4406', '384-87-9164'),
(406, 'Jsandye Hickford', '694 Luster Trail', '210-32-7832', '568-92-7517'),
(407, 'Annmarie Roast', '077 Dovetail Parkway', '518-73-1602', '557-29-2953'),
(408, 'Hanni Emanuel', '56 Clarendon Avenue', '845-16-4840', '534-09-3979'),
(409, 'Cosimo Bunting', '87648 Independence Junction', '832-23-2614', '429-37-1671'),
(410, 'Elva Proudler', '2634 Magdeline Lane', '540-26-9660', '127-08-6833'),
(411, 'Rey Rogerson', '1 Merry Trail', '244-65-5350', '524-66-1167'),
(412, 'Hali Gamell', '79643 Sommers Parkway', '589-30-1340', '868-01-7480'),
(413, 'Charley Turneaux', '64276 Union Plaza', '720-60-5260', '264-54-0852'),
(414, 'Tad Scholefield', '26 Shopko Road', '551-94-6501', '303-13-0813'),
(415, 'Alvera Paddie', '764 Bultman Junction', '356-79-9389', '369-87-3493'),
(416, 'Jerome Georg', '68495 Transport Court', '449-63-3919', '328-89-1779'),
(417, 'Kalindi Lehrian', '2492 Oak Valley Drive', '529-76-2801', '467-44-1552'),
(418, 'Ninette Pietasch', '691 Northridge Park', '874-22-7619', '489-09-6429'),
(419, 'Julee Aloshkin', '2412 Green Ridge Terrace', '213-34-4033', '635-26-8556'),
(420, 'Banky Maunder', '55 Gerald Plaza', '399-17-0796', '233-71-1037'),
(421, 'Elinor Oxterby', '0 Rutledge Street', '281-68-5629', '542-78-1001'),
(422, 'Lilias Egre', '9 Ridgeview Crossing', '489-28-0466', '624-53-7923'),
(423, 'Milton Goble', '036 Vermont Crossing', '410-23-0640', '521-11-8363'),
(424, 'Cahra Marde', '5 Melby Hill', '809-51-6282', '233-67-4530'),
(425, 'Trista Ruff', '52 Aberg Circle', '345-55-1973', '362-37-1258'),
(426, 'Fayina Dyet', '29 Susan Street', '545-83-7063', '649-01-2929'),
(427, 'Penn Kloster', '7584 Pleasure Center', '141-42-9428', '638-36-4976'),
(428, 'Nowell Faughnan', '76 Scofield Alley', '235-51-9423', '268-16-8201'),
(429, 'Christalle Beddows', '0 Scoville Plaza', '864-77-6297', '157-62-5324'),
(430, 'Mortie Keitch', '54872 Sycamore Lane', '705-60-7501', '851-14-0137'),
(431, 'Darsey Dudney', '402 Cambridge Junction', '793-03-4804', '838-30-8496'),
(432, 'Cathyleen Heathwood', '986 Forest Dale Avenue', '468-42-4080', '742-02-2605'),
(433, 'Kristoforo Gethings', '50977 Forest Terrace', '219-92-7744', '415-99-2282'),
(434, 'Philippa Teal', '33 Stuart Way', '240-05-4536', '439-77-9325'),
(435, 'Lindsy Izon', '6 Vidon Place', '769-14-3348', '643-21-9533'),
(436, 'Tobie Baddoe', '66 Chinook Pass', '512-08-1455', '187-29-5267'),
(437, 'Matti Pope', '670 Aberg Plaza', '244-94-5054', '775-54-8671'),
(438, 'Yovonnda Connors', '1073 Pine View Circle', '159-64-9319', '661-16-3660'),
(439, 'Chadwick Pingston', '24 Sutherland Plaza', '855-88-7962', '252-29-6908'),
(440, 'Marie-ann Sergean', '7139 Ridgeway Plaza', '233-94-4364', '357-59-0922'),
(441, 'Kara Denley', '39 Dawn Avenue', '237-06-9984', '328-33-6950'),
(442, 'Florella Mandry', '799 Sloan Place', '283-90-3149', '583-10-8534'),
(443, 'Nata Khristyukhin', '14 Amoth Alley', '483-63-3411', '729-15-3605'),
(444, 'Rossy Danforth', '65393 Maple Wood Court', '728-57-1192', '353-30-0863'),
(445, 'Duky Piechnik', '00 Almo Alley', '493-52-9907', '162-85-3458'),
(446, 'Seumas Chiommienti', '44 Mariners Cove Drive', '803-85-3832', '106-54-9811'),
(447, 'Walt Cornbell', '811 Larry Park', '833-97-8860', '736-45-6550'),
(448, 'Jolee Bettanay', '9 Hagan Pass', '135-28-6903', '146-41-1670'),
(449, 'Murial Rodell', '6309 Eastlawn Drive', '511-19-8384', '181-60-2795'),
(450, 'Milly Hutable', '2 Lotheville Way', '632-56-7310', '499-34-0125'),
(451, 'Tiffie Renol', '77174 Drewry Alley', '355-39-5490', '808-84-3846'),
(452, 'Lyndell Findon', '67 Manufacturers Park', '879-51-3023', '134-53-6815'),
(453, 'Silvano Caddies', '0145 Hollow Ridge Road', '483-25-3989', '109-81-6854'),
(454, 'Mar Heigold', '349 Waubesa Lane', '157-19-1967', '185-35-4838'),
(455, 'Hugibert Bernardos', '8 Prentice Avenue', '606-25-7775', '624-27-5597'),
(456, 'Euell Aizic', '99651 Comanche Pass', '686-80-6548', '763-35-2678'),
(457, 'Mirella Crossby', '70 Oneill Center', '874-27-1637', '277-54-5196'),
(458, 'Janela Broadnicke', '1502 Anzinger Parkway', '259-36-4953', '305-22-9685'),
(459, 'Vera Lantaph', '5 Mesta Pass', '215-99-3559', '555-50-9847'),
(460, 'Jenny Kitcherside', '602 Derek Road', '470-55-7760', '490-39-7905'),
(461, 'Brent Battell', '26548 Maywood Trail', '729-97-9551', '188-54-1851'),
(462, 'Torrey Amer', '1 Jay Plaza', '434-09-6721', '165-14-4079'),
(463, 'Nefen Wolfenden', '446 Dahle Way', '507-02-4500', '120-28-4350'),
(464, 'Jorge Dewsbury', '12030 Corry Place', '233-14-9101', '224-12-7797'),
(465, 'Phylys Tither', '0339 Cardinal Court', '226-97-4588', '838-92-3567'),
(466, 'Bettine Chinge de Hals', '92643 Sullivan Pass', '117-79-3935', '664-67-0054'),
(467, 'Karyl Epine', '16 Walton Crossing', '744-69-8689', '853-37-9153'),
(468, 'Berke Tweedlie', '7 Bunker Hill Center', '254-18-6922', '406-55-9419'),
(469, 'Ynez Halcro', '47727 Larry Pass', '466-60-6430', '161-24-9678'),
(470, 'Brody Caine', '8 Bluestem Street', '327-38-5039', '646-59-2926'),
(471, 'Sonny Gaddesby', '8 Shasta Lane', '884-18-9387', '278-57-3151'),
(472, 'Fifine Wandless', '1469 Steensland Alley', '855-08-0916', '305-17-4604'),
(473, 'Garrard Beauman', '38726 Corben Plaza', '610-88-9400', '516-61-1628'),
(474, 'Jarrad Tungate', '164 Bobwhite Trail', '296-70-0087', '185-10-0543'),
(475, 'Gertrude Benka', '98 Fulton Park', '304-89-1792', '573-57-3085'),
(476, 'Kylynn O\'Quin', '71 Village Avenue', '868-15-1183', '464-96-2434'),
(477, 'Glenna Eckart', '71 Cascade Trail', '733-80-6409', '450-38-8170'),
(478, 'Adria Line', '45 Heffernan Place', '671-83-6217', '141-14-3483'),
(479, 'Powell Detheridge', '79 Clemons Way', '784-32-1856', '462-89-5773'),
(480, 'Giffy Bartelli', '821 Beilfuss Terrace', '388-34-0063', '750-93-1522'),
(481, 'Tyrone Wickardt', '5 Blue Bill Park Lane', '414-76-4501', '321-33-3473'),
(482, 'Baudoin Hazart', '22330 Lake View Place', '408-18-6591', '299-34-5618'),
(483, 'Julee Lanyon', '1028 Gina Plaza', '508-94-9739', '389-77-5838'),
(484, 'Reidar Baselio', '52 Moland Alley', '588-17-9278', '458-37-8445'),
(485, 'Bud Daintith', '0591 Graceland Street', '599-15-9982', '432-72-4077'),
(486, 'Nicole Goodredge', '954 Spenser Parkway', '613-92-4167', '455-14-5707'),
(487, 'Travis Jenckes', '8 Surrey Trail', '455-14-2295', '777-40-4892'),
(488, 'Annissa Broinlich', '0931 Fieldstone Lane', '525-56-0625', '832-70-4776'),
(489, 'Dody Schubuser', '42452 West Avenue', '845-94-7039', '271-65-4471'),
(490, 'Mohandis Surtees', '76040 Farragut Trail', '844-02-2967', '678-18-2521'),
(491, 'Georgie Beranek', '2 Dryden Drive', '301-50-1162', '212-02-3420'),
(492, 'Mel Tellenbrok', '90 Anderson Circle', '890-41-0296', '740-45-8362'),
(493, 'Ambrosi Possell', '89911 Weeping Birch Avenue', '859-45-4359', '748-11-3315'),
(494, 'Wayland Tomadoni', '26933 Truax Lane', '316-86-2507', '793-34-5242'),
(495, 'Chelsy Tonkinson', '2 Main Drive', '335-21-2577', '301-19-0864'),
(496, 'Berri McNiff', '006 Roxbury Pass', '125-75-2055', '454-94-4549'),
(497, 'Beverley Hall-Gough', '2 International Circle', '717-66-8856', '449-48-5577'),
(498, 'Merrielle Hache', '2497 Porter Lane', '153-59-0973', '140-06-1569'),
(499, 'Erhard Muehler', '02 Continental Hill', '375-96-6715', '815-02-6611'),
(500, 'Consuela Quartermaine', '710 Meadow Valley Way', '216-40-4242', '695-12-2157'),
(501, 'Arabelle Tyrone', '4 Barnett Road', '395-86-5381', '681-73-0068'),
(502, 'Lynda Larham', '1 Brentwood Hill', '840-25-1268', '778-29-1111'),
(503, 'Luciana Jepson', '9 Crest Line Lane', '796-40-2725', '346-26-4499'),
(504, 'Edin Careswell', '79 Ridgeway Road', '324-38-4955', '873-14-8744'),
(505, 'Marlon Rozet', '5 Lighthouse Bay Alley', '189-21-1314', '898-31-8994'),
(506, 'Tomasine Grayham', '59750 Cambridge Alley', '154-04-9307', '355-72-7556'),
(507, 'Hastie Seeney', '50 Forest Run Park', '719-92-3956', '740-56-3827'),
(508, 'Killy Ettery', '2 Esker Alley', '842-23-3146', '340-77-0759'),
(509, 'Ezra Wadmore', '612 Express Park', '274-09-9453', '384-90-1793'),
(510, 'Aldridge Kinsley', '043 Crownhardt Avenue', '627-96-2346', '282-85-2921'),
(511, 'Rochelle Rate', '2600 Mallard Circle', '141-72-7132', '122-10-7523'),
(512, 'Christoforo Hiscocks', '8 Thompson Drive', '529-69-1093', '530-82-6651'),
(513, 'Morry Balasin', '241 Colorado Lane', '583-26-4835', '129-55-0158'),
(514, 'Shanan Deehan', '23 Sycamore Pass', '880-77-7303', '112-69-2202'),
(515, 'Beltran Simmonite', '681 Ramsey Plaza', '227-62-7728', '379-92-7818'),
(516, 'Gustavus McLarens', '68 Susan Point', '382-47-9329', '628-15-3948'),
(517, 'Yankee Joice', '91 Dakota Center', '370-33-1990', '588-59-2091'),
(518, 'Vitoria Base', '45358 Lien Circle', '343-25-3007', '424-59-3366'),
(519, 'Ernestus Hinstock', '3 Atwood Avenue', '760-43-1425', '837-35-8552'),
(520, 'Quillan Bickley', '3 Shopko Court', '566-44-3209', '447-45-8187'),
(521, 'Michel Dible', '35 Utah Junction', '219-20-1430', '360-43-0174'),
(522, 'Elvis Peddersen', '83 Anhalt Circle', '560-64-3718', '563-47-1267'),
(523, 'Averell Dulinty', '28 Darwin Crossing', '764-68-5945', '555-35-9178'),
(524, 'Steward Edeson', '2 Grasskamp Center', '592-45-3513', '772-84-4525'),
(525, 'Karalee Entwistle', '6607 Cottonwood Point', '295-01-0882', '507-35-8453'),
(526, 'Oralee Staig', '835 Canary Hill', '394-59-0352', '141-93-8280'),
(527, 'Mitch Grise', '053 Leroy Avenue', '825-25-4328', '269-91-4958'),
(528, 'Marshall Oulet', '403 Blackbird Alley', '897-83-4703', '270-40-6387'),
(529, 'Alethea Reimer', '0 American Road', '815-13-0360', '874-24-5100'),
(530, 'Iris Barnet', '6504 Crownhardt Hill', '551-34-2081', '772-42-2534'),
(531, 'Donnie St. Quentin', '7792 Merrick Drive', '117-85-5740', '672-89-9447'),
(532, 'Margaret Cheesman', '43574 Thompson Lane', '571-84-9889', '771-86-1156'),
(533, 'Anton Norsister', '573 Vermont Center', '564-92-4099', '534-52-3536'),
(534, 'Nicole Balducci', '4530 West Court', '113-44-9720', '854-75-3409'),
(535, 'Parrnell McGiffie', '4153 Rutledge Lane', '267-05-2256', '609-89-6649'),
(536, 'Benedicta Tyhurst', '296 Summit Way', '231-10-2051', '279-69-3806'),
(537, 'Seymour Bassilashvili', '0 Southridge Court', '440-98-5435', '357-58-3158'),
(538, 'Angelita Trolley', '699 Porter Circle', '402-24-1835', '561-11-6703'),
(539, 'Prinz Deguara', '15 Butternut Lane', '508-44-0199', '270-68-7580'),
(540, 'Wendye Plowes', '5005 Toban Crossing', '159-33-1070', '591-97-7440'),
(541, 'Nil Berget', '8 Clarendon Avenue', '520-80-7152', '292-06-2844'),
(542, 'Paddy Ianson', '76 Rieder Junction', '225-46-1904', '694-81-9828'),
(543, 'Brenna Scarse', '4584 Longview Center', '827-42-6538', '171-27-3581'),
(544, 'Jerri Kahn', '8729 Scofield Court', '635-81-6642', '340-69-1299'),
(545, 'Danya O\'Drought', '01369 Moland Park', '832-20-0373', '467-62-5630'),
(546, 'Shepard Northwood', '32957 Norway Maple Plaza', '334-62-0638', '272-62-4107'),
(547, 'Ginger Havenhand', '7 Jenifer Plaza', '820-73-5464', '670-75-6629'),
(548, 'Janis Izen', '12 Shopko Place', '782-71-5692', '866-18-2299'),
(549, 'Francis Bullocke', '69700 Garrison Point', '238-05-2961', '594-75-9702'),
(550, 'Rahel Breslau', '7518 Cascade Point', '819-82-7564', '540-43-7079'),
(551, 'Nelli Warboy', '3 Eliot Center', '146-13-1445', '834-22-2568'),
(552, 'Oswald Lafoy', '5 Sunbrook Avenue', '391-82-8049', '576-76-6760'),
(553, 'Hi Lilley', '2 Corscot Place', '364-49-9501', '310-61-2463'),
(554, 'Emalee Molloy', '95 Waxwing Street', '549-23-6976', '174-43-1920'),
(555, 'Casper Darnody', '7592 Maple Road', '684-52-8581', '256-21-4174'),
(556, 'Cleo Etherton', '9325 Erie Hill', '130-71-6802', '478-99-4790'),
(557, 'Earvin Knowller', '49 Scott Terrace', '344-08-4025', '504-97-0011'),
(558, 'Evangelin Fills', '454 Continental Road', '837-95-8603', '839-16-7659'),
(559, 'Bevan Trighton', '1 Buena Vista Trail', '887-48-0014', '670-05-3977'),
(560, 'Gretal Foister', '947 Larry Hill', '726-86-8585', '188-23-0897'),
(561, 'Cathi Erskine', '1 Corben Drive', '891-27-7378', '773-28-0110'),
(562, 'Eva Poxson', '562 Arrowood Avenue', '330-07-9462', '355-55-6182'),
(563, 'Erroll Waslin', '513 Meadow Valley Park', '215-99-2546', '194-05-8491'),
(564, 'Eilis Pizzie', '31 Stephen Point', '329-94-6579', '518-02-4761'),
(565, 'Giacomo McCuffie', '72579 Summerview Plaza', '429-50-8520', '439-98-3342'),
(566, 'Bartlett Schruyer', '5579 School Way', '630-18-9546', '279-91-1113'),
(567, 'Justinian Beau', '6786 Lotheville Park', '492-05-4360', '792-41-7000'),
(568, 'Celestia Regardsoe', '21290 Straubel Drive', '884-33-7706', '534-17-7783'),
(569, 'Olenka Duxbury', '0 Texas Hill', '755-86-4605', '705-93-6179'),
(570, 'David Alessandone', '03 Nancy Avenue', '198-27-0782', '350-32-9602'),
(571, 'Fionna Gullis', '26153 Menomonie Trail', '419-58-6530', '249-36-2193'),
(572, 'Marietta Chamley', '8125 Arizona Court', '798-82-8673', '682-32-8609'),
(573, 'Stephi Lenard', '0 Eastwood Alley', '748-90-9990', '631-74-7474'),
(574, 'Milli Martineau', '066 Bobwhite Point', '783-63-6309', '133-75-1876'),
(575, 'Cammi Spoure', '90 Rockefeller Way', '112-09-4750', '378-85-8293'),
(576, 'Dominic Radwell', '03 Schmedeman Court', '391-41-5863', '265-95-8088'),
(577, 'Christy Rickword', '0312 Pennsylvania Avenue', '551-12-7544', '541-84-8016'),
(578, 'Corby Behninck', '714 Fremont Lane', '414-34-1881', '894-29-7193'),
(579, 'Estel Itzkovitch', '487 Kennedy Center', '425-75-7305', '888-58-9467'),
(580, 'Kristoffer Donalson', '17087 Coleman Alley', '228-95-9023', '458-86-7326'),
(581, 'Wyndham Felten', '175 Knutson Court', '577-59-9419', '467-63-6767'),
(582, 'Noami Phalip', '24901 Shoshone Drive', '402-79-5741', '576-24-2178'),
(583, 'Gae Deards', '4 Susan Court', '504-88-9032', '754-06-3359'),
(584, 'Daune Playhill', '2781 Merry Hill', '573-66-5277', '191-85-0956'),
(585, 'Richie Pirkis', '8658 Village Lane', '735-25-8933', '720-79-2693'),
(586, 'Aylmer Dooman', '237 Harbort Place', '878-49-8336', '840-79-1178'),
(587, 'Glynn Ketcher', '685 Redwing Junction', '118-80-4233', '203-76-7505'),
(588, 'Darda Folbig', '246 Thompson Lane', '518-34-9166', '762-09-0260'),
(589, 'Latrena Heine', '8 Corscot Lane', '801-07-0511', '336-56-3376'),
(590, 'Corney Daventry', '5375 Waxwing Lane', '451-86-8838', '243-80-0485'),
(591, 'Matthieu Gristhwaite', '9 Troy Point', '568-21-1726', '753-12-9831'),
(592, 'Livvie Braznell', '71050 Kennedy Avenue', '360-09-7505', '381-51-0851'),
(593, 'Stephanie Rosenhaupt', '89 Kensington Avenue', '369-61-0695', '123-76-9934'),
(594, 'Mal McCumesky', '02 Arapahoe Point', '455-49-4408', '117-69-0812'),
(595, 'Kath Dowsey', '3806 Kenwood Pass', '759-90-8575', '799-09-1144'),
(596, 'Alli Chelley', '37 Swallow Plaza', '874-41-0504', '779-89-7056'),
(597, 'Channa Gunby', '3 Corry Terrace', '344-01-5078', '609-15-6587'),
(598, 'Orville Wanderschek', '21 Chive Point', '442-89-3234', '538-83-9279'),
(599, 'Minna Tesauro', '82 Bashford Pass', '284-06-3207', '694-34-9952'),
(600, 'Charissa Henningham', '4958 Bay Circle', '239-73-9263', '119-88-4041'),
(601, 'Ezri Tames', '55604 Nevada Center', '303-59-5876', '677-97-6551'),
(602, 'Audre Banyard', '41339 Lawn Hill', '257-37-9485', '528-79-9862'),
(603, 'Trevar Adao', '6 Kropf Street', '425-15-6361', '616-47-3612'),
(604, 'Gottfried Hingeley', '3 Talmadge Junction', '453-69-2817', '875-40-3543'),
(605, 'Ettie Cheal', '4079 Kings Road', '101-02-5238', '793-83-4456'),
(606, 'Elfrida Klimmek', '222 Lukken Pass', '659-95-7641', '831-44-4168'),
(607, 'Frederica Acton', '703 Orin Alley', '800-78-8433', '425-54-9920'),
(608, 'Lesly Grannell', '528 Larry Way', '804-43-8717', '589-85-5379'),
(609, 'Ulrika Pettersen', '571 1st Alley', '228-29-3103', '857-30-5155'),
(610, 'Abbye Gellately', '78 Eagle Crest Point', '443-35-7095', '376-56-8488'),
(611, 'Tawsha Steedman', '14 Cody Road', '812-78-9408', '649-04-1595'),
(612, 'Meade Harsent', '82104 Hoard Alley', '825-88-8180', '369-20-4230'),
(613, 'Carline Collisson', '14 Dovetail Plaza', '423-55-5578', '168-77-6079'),
(614, 'Tomasina Jewsbury', '90 Hoffman Terrace', '208-59-5361', '369-49-4473'),
(615, 'Elfreda Biddleston', '2889 Cascade Drive', '138-57-0662', '329-05-1326'),
(616, 'Nicky Killner', '94075 Utah Pass', '874-30-0988', '603-28-6229'),
(617, 'Stacy Jackes', '36163 Quincy Crossing', '168-12-0653', '431-60-7108'),
(618, 'Hill Cavey', '3291 Randy Hill', '389-79-2245', '176-76-6658'),
(619, 'Eddy Brevitt', '01 Raven Park', '177-50-2218', '295-68-6808'),
(620, 'Drucy Tofano', '1771 Lotheville Point', '477-66-1790', '464-63-9298'),
(621, 'Shaina Pennick', '80620 Eggendart Road', '152-60-4034', '536-32-5814'),
(622, 'Margeaux Blesing', '9077 Nancy Court', '547-33-7628', '893-69-3068'),
(623, 'Zorina Huscroft', '110 Memorial Pass', '715-03-0233', '179-58-7862'),
(624, 'Adelaide Miranda', '14239 Tomscot Hill', '479-67-3631', '577-13-7648'),
(625, 'Averil Wansbury', '288 Transport Trail', '199-10-6571', '492-05-8051'),
(626, 'Lorri Jennions', '9 Annamark Terrace', '423-34-8054', '227-33-3627'),
(627, 'Paulina McCarrell', '645 Vermont Street', '538-72-9436', '185-29-6907'),
(628, 'Tanya Lazonby', '7 Kim Way', '572-18-6463', '895-80-0327'),
(629, 'Gwyneth O\'Halloran', '280 Dwight Hill', '109-76-1491', '385-65-3727'),
(630, 'Shalna Kohler', '128 Hagan Road', '644-73-2216', '648-55-3706'),
(631, 'Pierrette Boothroyd', '66 Victoria Hill', '276-82-8870', '153-43-5332'),
(632, 'Ferrel Ibotson', '7691 International Plaza', '148-64-3117', '631-76-2574'),
(633, 'Teena Burwood', '17 Browning Avenue', '289-08-3723', '801-80-3656'),
(634, 'Cora Girdwood', '77 Ramsey Pass', '352-98-0335', '100-35-4573'),
(635, 'Lauritz Ropars', '194 Declaration Way', '752-40-6648', '420-69-8940'),
(636, 'Ninetta Potebury', '31 Sommers Pass', '830-47-1653', '534-29-3924'),
(637, 'Urban Simester', '1615 Crest Line Road', '618-31-8524', '420-48-8869'),
(638, 'Eileen Hember', '04 Arizona Alley', '817-66-6109', '392-14-9495'),
(639, 'Jodi Pearson', '75119 Crescent Oaks Crossing', '796-56-6061', '632-91-5202'),
(640, 'Amalita Goudard', '0990 Dawn Avenue', '537-80-9237', '392-03-9753'),
(641, 'Shea Hagyard', '81185 Vahlen Alley', '520-91-5644', '342-31-0519'),
(642, 'Judon Simister', '6 Garrison Avenue', '664-07-3982', '821-98-7471'),
(643, 'Renelle Slatter', '0027 Warbler Center', '816-70-4082', '304-70-5803'),
(644, 'Alric Daber', '587 Graedel Alley', '321-26-0509', '340-94-5480'),
(645, 'Kristel Zuanazzi', '6772 Northport Point', '226-89-1241', '216-25-1448'),
(646, 'Ortensia Keppie', '378 Tomscot Street', '718-76-7061', '328-69-7250'),
(647, 'Baryram MacTrustey', '5367 Spohn Junction', '267-39-7134', '888-43-7120'),
(648, 'Marv Iggalden', '9 Elmside Avenue', '228-05-5502', '439-24-5006'),
(649, 'Pru Davidow', '06227 Forest Point', '437-11-9382', '744-21-5397'),
(650, 'Norrie Swadlen', '7 Summit Point', '375-10-0066', '188-22-8034'),
(651, 'Elbertina Swindells', '69114 7th Plaza', '690-26-0929', '150-80-5568'),
(652, 'Kira Bilverstone', '04441 Talmadge Court', '428-17-8910', '478-27-3481'),
(653, 'Nevil Bourne', '73 Stone Corner Plaza', '696-25-5965', '678-41-3525'),
(654, 'Waneta Isakson', '7635 Glacier Hill Street', '295-87-5035', '123-97-1299'),
(655, 'Ardelis Oiseau', '72 Sunfield Circle', '217-09-0335', '619-81-5004'),
(656, 'Frank Egarr', '955 Arapahoe Street', '212-57-6491', '304-53-2230'),
(657, 'Far Emma', '77119 Hallows Alley', '793-59-5250', '628-17-9788'),
(658, 'Enrico Straughan', '40 Old Shore Park', '127-10-6136', '119-40-9616'),
(659, 'Neils Dobbins', '6 Center Junction', '796-59-0275', '183-93-4292'),
(660, 'Bryce O\'Hartigan', '5466 Buena Vista Pass', '538-21-3408', '456-38-3262'),
(661, 'Clara Hallowell', '2936 Corben Hill', '772-25-7781', '451-51-1591'),
(662, 'Conroy McCunn', '20046 Esker Trail', '634-79-0638', '297-08-6408'),
(663, 'Verne Hembry', '07 Anniversary Terrace', '548-37-7062', '270-27-0097'),
(664, 'Ulrikaumeko Nelthropp', '59836 Wayridge Pass', '400-37-2638', '288-73-5566'),
(665, 'Jedediah Calcraft', '97042 Hayes Lane', '719-89-7058', '212-04-3334'),
(666, 'Essy Hardin', '345 Dayton Alley', '616-46-0104', '844-78-6604'),
(667, 'Bobbe Weich', '88 Morning Hill', '527-12-6908', '288-20-6492'),
(668, 'Brenden Barnby', '3616 Hoard Park', '149-99-3504', '614-50-8081'),
(669, 'Zachary Decourt', '6437 Elka Way', '368-33-6221', '780-42-7448'),
(670, 'Krishna Cran', '59 Lake View Place', '312-86-7816', '483-57-5188'),
(671, 'Hercule Chew', '680 Valley Edge Hill', '741-13-2926', '896-51-8297');
INSERT INTO `pacientes` (`id_paciente`, `nombre`, `direccion`, `telefono`, `CI`) VALUES
(672, 'Shay Chace', '280 Derek Crossing', '279-10-9536', '785-56-5411'),
(673, 'Eduardo Wallach', '98 Spenser Park', '320-60-4749', '387-99-4473'),
(674, 'Terra Egell', '30636 Monica Point', '706-07-3785', '758-86-7791'),
(675, 'Armstrong Baulk', '2477 Valley Edge Parkway', '680-30-8160', '753-89-2653'),
(676, 'Curtice Gavigan', '227 5th Terrace', '548-59-7143', '806-92-3087'),
(677, 'Sheridan Sydes', '768 Kenwood Way', '138-15-1266', '703-65-4647'),
(678, 'Tova Benam', '404 Tennessee Pass', '253-26-8970', '245-91-0217'),
(679, 'Kim Burles', '1 Buena Vista Avenue', '695-84-8601', '714-94-5825'),
(680, 'Nertie Sumner', '920 Buena Vista Crossing', '178-27-9256', '473-45-3557'),
(681, 'Gideon Birds', '6 Westend Alley', '605-19-7824', '678-92-8002'),
(682, 'Tybalt Siccombe', '74 Eagan Crossing', '723-37-0676', '292-46-0675'),
(683, 'Madlin Senechault', '80 John Wall Trail', '858-89-5957', '427-66-3543'),
(684, 'Cord Viger', '1414 Golf View Hill', '111-10-5044', '644-28-2860'),
(685, 'Celisse Hawket', '065 Mockingbird Trail', '772-64-6177', '280-89-0739'),
(686, 'Penelopa Iskowicz', '87824 Miller Center', '355-03-5831', '175-21-2752'),
(687, 'Darin Witling', '55508 Arizona Crossing', '880-61-7259', '473-99-8278'),
(688, 'Selle Growcott', '37 Lunder Place', '893-82-9343', '510-31-9668'),
(689, 'Dolorita Graben', '453 Truax Drive', '655-38-3693', '831-88-3836'),
(690, 'Leonhard Osmon', '9184 Cherokee Place', '211-90-8255', '518-19-2149'),
(691, 'Teodor Vain', '3500 Commercial Court', '540-87-1053', '432-97-1672'),
(692, 'Clemmie Christoffe', '539 Emmet Avenue', '763-39-4985', '638-15-9549'),
(693, 'Corby Izatt', '7377 Fremont Park', '668-18-6621', '694-49-9041'),
(694, 'Sandra Hullock', '056 Becker Hill', '554-09-2417', '578-72-1215'),
(695, 'Ellery Smerdon', '46426 Arkansas Lane', '253-97-4735', '615-31-6990'),
(696, 'Carlie Fennick', '69681 Miller Way', '464-65-8995', '391-08-3411'),
(697, 'Edna Jessopp', '75 Bluejay Avenue', '208-15-6002', '499-85-2741'),
(698, 'Chariot McLukie', '0 Mcbride Avenue', '864-15-8615', '423-54-7744'),
(699, 'Rufus Dowderswell', '588 Pennsylvania Terrace', '242-54-5861', '315-88-0141'),
(700, 'Hedwig Cash', '6519 Mcbride Court', '194-68-4535', '336-89-1696'),
(701, 'Joceline Farlham', '27 Jenifer Pass', '127-16-0850', '151-33-3514'),
(702, 'Joyann Bott', '830 Caliangt Avenue', '765-59-7763', '731-52-7052'),
(703, 'Raynard Bembrick', '859 Glacier Hill Hill', '146-40-1471', '344-38-7216'),
(704, 'Virge Cunde', '89 Maple Wood Place', '269-94-6266', '398-65-9440'),
(705, 'Cissiee Whitehall', '9 Ronald Regan Plaza', '365-22-3417', '131-99-2641'),
(706, 'Elisabet Stopforth', '14244 Declaration Court', '439-66-1031', '322-78-9220'),
(707, 'Mehetabel Jenkins', '126 Longview Terrace', '688-99-8369', '236-54-0332'),
(708, 'Vladimir Hawkes', '20 Cody Point', '336-62-4757', '494-57-3275'),
(709, 'Sharlene Dawby', '674 Myrtle Court', '192-22-0839', '283-21-5434'),
(710, 'Charline Paike', '3 Butternut Road', '675-04-3568', '441-68-7007'),
(711, 'Reagen Esom', '1896 Anzinger Center', '396-67-2258', '430-25-0425'),
(712, 'Amelita Colquyte', '726 Center Circle', '326-88-9075', '543-03-2876'),
(713, 'Giacomo Galland', '9203 Kenwood Lane', '129-32-1268', '474-21-8375'),
(714, 'Levi Gilby', '64151 New Castle Way', '605-32-7687', '291-05-7098'),
(715, 'Julio Hadcock', '966 Logan Place', '789-81-2383', '772-70-2813'),
(716, 'Tricia Permain', '908 Vahlen Hill', '650-58-4549', '897-28-9805'),
(717, 'Elysee Normaville', '1 Ronald Regan Lane', '220-40-5756', '744-36-2095'),
(718, 'Reilly Hamlen', '36198 Calypso Court', '669-23-2147', '621-26-6285'),
(719, 'Phillipp Alexandrou', '378 Dahle Avenue', '632-26-7029', '782-58-0820'),
(720, 'Merilee Brockelsby', '08 Muir Street', '892-20-8798', '258-71-5342'),
(721, 'Alexina Blaskett', '421 Gerald Alley', '496-82-5515', '287-72-6143'),
(722, 'Stanley Purse', '585 Kipling Crossing', '645-96-2956', '561-85-8835'),
(723, 'Pancho Elan', '52 Gina Hill', '855-82-9163', '418-35-3963'),
(724, 'Tadeo Spaice', '1248 Red Cloud Terrace', '789-62-1279', '296-97-0754'),
(725, 'Gayel Currell', '30 Hudson Point', '419-35-3978', '464-52-2422'),
(726, 'Antonetta Gather', '31711 Cherokee Terrace', '337-73-4105', '442-84-2582'),
(727, 'Oswell Niess', '699 Dorton Alley', '426-57-3195', '190-79-4377'),
(728, 'Lenci Derisley', '0 Center Road', '662-64-1344', '362-16-0435'),
(729, 'Theodora Turn', '3777 East Street', '892-42-1664', '206-18-8545'),
(730, 'Tad Gother', '6 Corben Center', '530-19-6372', '801-87-9715'),
(731, 'Philomena Gallymore', '012 Carey Drive', '804-28-3642', '368-52-0169'),
(732, 'Ermin Yetton', '8450 Everett Drive', '620-85-4607', '426-64-1066'),
(733, 'Powell Lapthorn', '2 Raven Hill', '761-80-2443', '393-48-9646'),
(734, 'Carola Matasov', '59832 David Drive', '628-87-9433', '711-59-1136'),
(735, 'Tobin Vinck', '08858 Pawling Court', '656-68-3661', '233-90-8627'),
(736, 'Pren Tudbald', '8702 Dakota Plaza', '513-24-2920', '617-25-4612'),
(737, 'Ric Comar', '6147 Glendale Circle', '257-18-7494', '726-19-2543'),
(738, 'Bunni Norquoy', '781 Linden Alley', '808-10-4884', '165-39-5740'),
(739, 'Theadora Di Roberto', '361 Hagan Avenue', '197-49-9686', '396-61-5441'),
(740, 'Carlie Allone', '0918 Cordelia Plaza', '567-64-1150', '605-22-3345'),
(741, 'Gabriellia Gheorghie', '84 Meadow Ridge Crossing', '358-92-0315', '822-09-8418'),
(742, 'Hedwiga Broodes', '8613 Center Plaza', '684-33-0863', '765-29-9898'),
(743, 'Faunie Skeat', '7347 Sauthoff Trail', '471-68-1692', '537-95-7098'),
(744, 'Garik Bison', '2417 Clove Plaza', '871-06-3896', '193-56-7833'),
(745, 'Chrotoem MacTerrelly', '78125 Haas Crossing', '723-62-8749', '685-36-4198'),
(746, 'Gannie Lethby', '03871 Briar Crest Center', '587-90-7426', '427-87-1165'),
(747, 'Blondell Harley', '58760 Steensland Alley', '299-06-6466', '804-39-9357'),
(748, 'Jacquelynn Queyeiro', '95 Morningstar Place', '138-95-5878', '625-05-1068'),
(749, 'Alano Brazenor', '82 Mesta Plaza', '245-48-9545', '687-97-9691'),
(750, 'Roger MacGille', '02923 Homewood Drive', '572-87-5509', '345-66-9994'),
(751, 'Wenona Garlicke', '38 Elmside Parkway', '891-42-1074', '280-76-5614'),
(752, 'Crysta Laxson', '338 Bashford Lane', '428-16-6170', '328-39-0707'),
(753, 'Karyn Kornilyev', '33 Doe Crossing Way', '195-41-4014', '148-69-0767'),
(754, 'Reube Kinton', '7584 Hollow Ridge Avenue', '619-07-8848', '349-74-2462'),
(755, 'Nannie Kleen', '70274 Fuller Pass', '200-86-0843', '333-56-2918'),
(756, 'Davide Clemmensen', '17 Village Green Parkway', '450-85-4457', '206-01-2006'),
(757, 'Jess Ledster', '1 Debs Drive', '591-96-5743', '286-60-2856'),
(758, 'Linnie Podmore', '86658 Summit Trail', '819-08-9214', '322-02-1120'),
(759, 'Luz Rowth', '59 East Point', '287-77-0095', '383-80-0129'),
(760, 'Humbert Camble', '400 Schlimgen Alley', '371-79-3146', '486-65-9364'),
(761, 'Alf Blissitt', '2 Riverside Crossing', '366-99-2758', '600-64-3646'),
(762, 'Jennica Roake', '2896 Saint Paul Hill', '255-88-2471', '746-95-2895'),
(763, 'Ellwood Guyonnet', '5 Maple Plaza', '520-02-7401', '620-72-0688'),
(764, 'Denys Leggatt', '85 Eastwood Alley', '551-80-8977', '630-73-6240'),
(765, 'Winna Arboine', '6869 Bartillon Crossing', '844-50-3993', '393-36-5489'),
(766, 'Stephani Craney', '90015 Kropf Pass', '107-13-9323', '546-97-2956'),
(767, 'Nessi Le Batteur', '9787 Cambridge Plaza', '742-66-8107', '877-19-0757'),
(768, 'Fields Sherburn', '318 Thompson Terrace', '165-51-3995', '454-60-1881'),
(769, 'Jenny Yukhtin', '70 Moulton Drive', '421-51-1693', '878-09-9221'),
(770, 'Georgena Middlehurst', '54 Sundown Alley', '423-31-6068', '592-65-3088'),
(771, 'Carlita Kalkofen', '51744 American Ash Pass', '879-24-1422', '576-79-3216'),
(772, 'Gerhardine Poulsen', '4 Summerview Trail', '233-64-0416', '741-26-0575'),
(773, 'Melonie Smiths', '4 Anhalt Avenue', '681-25-5345', '424-56-0612'),
(774, 'Annabal Shurey', '35148 Russell Trail', '119-14-3312', '385-60-8181'),
(775, 'Lisa Brumbie', '0 Barby Crossing', '873-76-8064', '513-26-9856'),
(776, 'Pebrook Willatt', '4346 Maywood Circle', '677-94-3044', '230-40-7202'),
(777, 'Blanche Clace', '7315 School Parkway', '366-82-3296', '315-98-7917'),
(778, 'Tiff Pidwell', '5 Granby Street', '818-69-1999', '559-47-4097'),
(779, 'Hyacinthia McPhelimy', '3 Morrow Parkway', '831-18-2774', '402-33-5888'),
(780, 'Maje Dudlestone', '4846 Pankratz Junction', '585-64-0917', '447-37-5979'),
(781, 'Darius Lovejoy', '57664 Jackson Alley', '831-51-8183', '545-23-5934'),
(782, 'Fielding Yeiles', '45 Messerschmidt Drive', '608-94-5191', '387-32-2953'),
(783, 'Gavra Ferencowicz', '02 Village Street', '456-58-2931', '508-71-8594'),
(784, 'Lorettalorna Fullun', '00868 Graceland Plaza', '224-65-6495', '259-41-4975'),
(785, 'Helene Hearty', '83295 Pepper Wood Crossing', '285-95-6201', '866-59-6407'),
(786, 'Xerxes Biermatowicz', '5 American Ash Court', '709-13-1578', '545-97-4830'),
(787, 'Delphinia Sole', '33 Anthes Trail', '266-68-9088', '170-99-3846'),
(788, 'Tamar Kornel', '4 Talmadge Court', '823-91-8600', '637-18-0514'),
(789, 'Johnnie Domek', '132 Eastlawn Trail', '717-13-1578', '233-56-3224'),
(790, 'Sandro Webben', '6079 Commercial Alley', '892-71-8727', '709-74-2598'),
(791, 'Misha Vossing', '21 School Pass', '171-15-6754', '432-18-9640'),
(792, 'Ilka Colebourne', '03 Johnson Junction', '301-98-8679', '370-28-2117'),
(793, 'Hesther Boullen', '36 Susan Park', '320-98-2371', '258-24-7217'),
(794, 'Alford Knyvett', '92 Blackbird Street', '887-58-9624', '840-95-2759'),
(795, 'Alys Fraczek', '66 Schlimgen Road', '691-29-0912', '317-74-3204'),
(796, 'Daniele Pimmocke', '8 Saint Paul Street', '829-36-3870', '368-83-2348'),
(797, 'Truman Green', '6 Harbort Hill', '429-41-2180', '783-27-6706'),
(798, 'Aristotle Laurencot', '34553 Del Mar Court', '563-01-5589', '744-09-6633'),
(799, 'Dicky Fyfield', '991 Logan Center', '144-03-9724', '846-38-0619'),
(800, 'Flint Ahern', '1 Cottonwood Trail', '766-23-3186', '771-84-4317'),
(801, 'Hilario Domeney', '021 Rutledge Plaza', '514-08-7606', '742-11-9382'),
(802, 'Godiva Pidduck', '2 Longview Center', '470-06-5702', '490-14-8568'),
(803, 'Bunnie Southcoat', '682 Bultman Plaza', '148-60-9860', '115-91-7712'),
(804, 'Skelly Prover', '682 Summerview Trail', '669-95-1299', '101-17-7169'),
(805, 'Sigismund Van Der Weedenburg', '8983 Crescent Oaks Pass', '483-80-5025', '135-49-8499'),
(806, 'Starla Dedrick', '8 Welch Pass', '629-41-8808', '285-06-0828'),
(807, 'Tonie Flieger', '48207 Green Street', '119-35-0703', '841-17-6830'),
(808, 'Marmaduke Heinecke', '6339 Prairie Rose Road', '872-48-3072', '846-01-1305'),
(809, 'Hewe Rawstorne', '72 Village Center', '568-51-7990', '462-80-2641'),
(810, 'Arleen Maciaszczyk', '1200 Rigney Park', '174-96-3308', '182-71-4777'),
(811, 'Myrta Hatchett', '0 Grover Park', '139-90-8576', '598-50-9811'),
(812, 'Larine Sexcey', '472 Buhler Trail', '692-85-7600', '369-87-4159'),
(813, 'Rosa Learie', '86610 North Circle', '198-84-2332', '776-46-1622'),
(814, 'Margarita Alaway', '8 Morrow Pass', '198-75-4948', '256-19-4878'),
(815, 'Ammamaria Brou', '71 Hallows Drive', '810-64-6407', '257-99-7849'),
(816, 'Gretchen Dawby', '3 Dennis Place', '378-06-6370', '157-60-2197'),
(817, 'Maxwell Chellingworth', '8500 Fieldstone Way', '131-59-3647', '502-65-1251'),
(818, 'Kittie Torbard', '7 Sunbrook Lane', '352-16-3787', '468-84-1992'),
(819, 'Gilbert Bauckham', '817 Brown Junction', '353-38-3787', '873-57-4796'),
(820, 'Jason Airdrie', '5730 Warbler Court', '778-60-5654', '135-40-0418'),
(821, 'Lynette Degue', '77 Northfield Junction', '840-34-2629', '144-60-1901'),
(822, 'Marlena Gayther', '1 Ruskin Trail', '604-40-1546', '229-25-7761'),
(823, 'Bailey Hammon', '3014 Shelley Court', '507-02-6095', '833-90-9844'),
(824, 'Taylor Feaviour', '02978 4th Park', '557-73-4731', '832-58-3509'),
(825, 'Bride Genney', '498 Fairfield Court', '809-06-9115', '883-30-3051'),
(826, 'Jocelin Klass', '6 Thompson Circle', '338-99-8149', '773-50-2251'),
(827, 'Fabe Victor', '46 Gerald Plaza', '144-52-5550', '714-10-1329'),
(828, 'Vivia Hidderley', '8956 Vahlen Hill', '598-62-3111', '815-31-7961'),
(829, 'Eamon Wateridge', '3597 Farmco Parkway', '718-92-6916', '514-34-3099'),
(830, 'Belia Orton', '81 Mendota Way', '474-30-1399', '411-95-9914'),
(831, 'Sal Loisi', '8 2nd Pass', '383-52-1687', '619-59-2093'),
(832, 'Merrick Marzella', '64195 Prentice Terrace', '107-11-2266', '216-05-6827'),
(833, 'Donica Godly', '5665 Fair Oaks Terrace', '650-51-8463', '129-36-8136'),
(834, 'Lyndel Syphas', '14 Boyd Lane', '190-37-1857', '216-91-4118'),
(835, 'Shelby McCaster', '963 Sullivan Point', '487-53-0105', '821-83-4134'),
(836, 'Burnard Baude', '1558 Corry Drive', '177-51-0384', '440-97-6103'),
(837, 'Doro Wellbelove', '2333 Brown Center', '605-59-6273', '121-77-3250'),
(838, 'Frank Hickisson', '26040 International Lane', '345-98-0583', '470-48-4451'),
(839, 'Fredra Ciani', '08 Steensland Plaza', '353-86-3027', '719-37-0263'),
(840, 'Wilhelmina Bernhard', '2145 Old Gate Pass', '893-78-5408', '189-98-1617'),
(841, 'Stevie Corah', '66 Donald Park', '152-22-9309', '866-27-1064'),
(842, 'Dita Scrowson', '067 Brown Hill', '433-10-6344', '320-88-9350'),
(843, 'Jeana Marjanovic', '04591 Anderson Alley', '899-99-6557', '640-20-9520'),
(844, 'Jan Whitehurst', '4 Toban Drive', '201-24-3875', '819-91-0802'),
(845, 'Rosana Dearden', '72 Twin Pines Parkway', '103-65-7297', '448-05-6099'),
(846, 'Cathlene Nashe', '7 Clarendon Drive', '697-08-3474', '356-77-0774'),
(847, 'Shayne Galle', '627 Fulton Pass', '198-12-4522', '839-55-0046'),
(848, 'Leann Presidey', '445 Cherokee Junction', '545-11-9378', '650-76-3066'),
(849, 'Bryon Longson', '449 Chive Crossing', '695-75-0337', '885-89-8760'),
(850, 'Nickolaus Goosnell', '116 Manley Junction', '321-72-9141', '437-40-3714'),
(851, 'Mick Durkin', '0 Warrior Road', '322-63-6285', '585-36-3838'),
(852, 'Kirk Morefield', '68096 Sutteridge Hill', '524-85-9425', '741-68-2418'),
(853, 'Arlinda Ishaki', '8549 Cardinal Drive', '589-44-8818', '245-16-7326'),
(854, 'Tabb Tankus', '292 Tony Street', '145-49-3324', '103-42-4045'),
(855, 'Gustavo Pierri', '61 Sauthoff Place', '553-69-9677', '843-70-3088'),
(856, 'Ulrick Bagby', '2508 Londonderry Avenue', '159-38-0556', '775-29-4851'),
(857, 'Belle Hendonson', '32600 Cherokee Avenue', '216-85-9163', '699-89-0648'),
(858, 'Ingrid Whetnell', '13828 Canary Point', '724-70-2193', '221-90-7498'),
(859, 'Raff Hast', '96659 Mcguire Center', '207-91-7128', '867-32-9729'),
(860, 'Fayth Minchenton', '21 Arkansas Plaza', '391-84-6529', '142-15-3150'),
(861, 'Michelle Casin', '78 Arapahoe Hill', '599-71-8505', '221-64-4438'),
(862, 'Agnese Siaspinski', '14 Mesta Trail', '857-40-5925', '651-36-1495'),
(863, 'Welby Crowth', '4755 Walton Way', '113-04-3345', '645-62-2598'),
(864, 'Ilka Langtry', '3051 Namekagon Circle', '327-19-4437', '530-91-2795'),
(865, 'Tab Wasiela', '33968 Bartelt Parkway', '111-35-6329', '364-21-4067'),
(866, 'Bryant Reidie', '11 Pearson Point', '385-30-2797', '803-02-3279'),
(867, 'Jorry Riep', '87 Prairieview Drive', '746-68-0908', '419-39-0556'),
(868, 'Rudolfo Grinaugh', '3359 Farwell Hill', '259-02-6565', '453-71-1497'),
(869, 'Neils Westcarr', '8 Morning Plaza', '110-71-2699', '559-80-8254'),
(870, 'Bevon Woolis', '7 Twin Pines Road', '493-24-2338', '260-41-9238'),
(871, 'Halley McKniely', '0 Homewood Drive', '726-61-1915', '175-66-1034'),
(872, 'Serena Opfer', '2725 Kipling Junction', '473-67-0233', '610-61-0957'),
(873, 'Rourke De Few', '72904 Summerview Point', '618-88-8919', '531-29-0926'),
(874, 'Sandy Buckleigh', '52494 Doe Crossing Plaza', '717-75-6153', '375-85-7870'),
(875, 'Carry Filyaev', '885 Southridge Junction', '446-82-9412', '219-13-4746'),
(876, 'Quint Rushsorth', '36 Morrow Center', '588-21-5265', '326-11-0406'),
(877, 'Hymie Grassi', '0 Helena Point', '457-07-0854', '659-24-3244'),
(878, 'Chevalier Nulty', '53 Fair Oaks Point', '792-88-5810', '367-49-5396'),
(879, 'Devland Waine', '150 Crowley Circle', '170-62-4236', '768-08-1294'),
(880, 'Elysia Cunningham', '90 North Center', '244-91-6067', '481-71-2059'),
(881, 'Alameda Paoli', '7 Mccormick Parkway', '872-27-6993', '688-31-1822'),
(882, 'Anselm Tearle', '2031 Bobwhite Drive', '392-46-8837', '573-95-6466'),
(883, 'Garland Jobe', '0936 Helena Street', '394-51-5028', '245-17-6629'),
(884, 'Kathe Whittenbury', '49 Dunning Terrace', '517-87-8076', '594-11-5377'),
(885, 'Maury Kraft', '7953 Ridge Oak Hill', '262-48-4263', '377-64-2611'),
(886, 'Gerianna Matyja', '7 South Road', '757-16-8952', '549-75-6076'),
(887, 'Viviyan Twinberrow', '0 6th Point', '330-87-9891', '641-37-5169'),
(888, 'Netti Ramsey', '36214 Eastwood Way', '866-67-0472', '250-34-1195'),
(889, 'Leanor Burkart', '4 Hanson Trail', '663-95-5946', '513-10-8836'),
(890, 'Stephanie Tappin', '27767 Spohn Hill', '274-53-6885', '154-50-4501'),
(891, 'Ofilia Bodocs', '73260 Londonderry Way', '795-70-3524', '860-57-1024'),
(892, 'Sallyann Treharne', '49803 Annamark Crossing', '227-86-3270', '624-39-2943'),
(893, 'Dorris Sieghart', '73572 Rockefeller Parkway', '367-94-9221', '222-43-7407'),
(894, 'Barbra Vezey', '8 Algoma Terrace', '267-46-2654', '675-22-8681'),
(895, 'Donna Izhakov', '206 Lake View Way', '239-27-7852', '208-33-4410'),
(896, 'Teador Braganza', '5 Thackeray Hill', '809-51-5662', '570-98-3220'),
(897, 'Farrah Banane', '31238 Redwing Junction', '359-08-9446', '179-02-2466'),
(898, 'Waite Vanyushkin', '4 Clemons Place', '693-04-3530', '444-17-9070'),
(899, 'Starlin Skeete', '1 Continental Hill', '868-47-3390', '302-92-5809'),
(900, 'Dode O\'Doran', '96 Clove Center', '217-76-4894', '458-52-7997'),
(901, 'Tobias Bremmell', '3 Melvin Junction', '627-13-3474', '714-28-3603'),
(902, 'Randell Jakoubec', '4179 Hoepker Street', '867-60-9590', '883-09-1988'),
(903, 'Prentice Ebbens', '95 Alpine Crossing', '252-71-9962', '535-89-0883'),
(904, 'Alyosha Frary', '1 5th Center', '174-45-4487', '726-07-1631'),
(905, 'Jacquelyn Potteridge', '3 Londonderry Plaza', '105-89-8635', '509-45-8823'),
(906, 'Aymer Jachimak', '15 Washington Lane', '286-47-2178', '135-50-8004'),
(907, 'Marlene Swedeland', '8 Farragut Lane', '647-57-9527', '354-29-5089'),
(908, 'Rayner Melpuss', '354 Carberry Street', '208-70-2003', '811-83-2324'),
(909, 'Lindsay Lethabridge', '24 Bonner Pass', '101-10-1531', '479-11-0668'),
(910, 'Anatollo Steaning', '52 Morrow Terrace', '705-87-9200', '526-97-6434'),
(911, 'Rinaldo Debney', '47 Maryland Court', '179-01-5936', '508-80-5155'),
(912, 'Constanta Blakemore', '2154 Mccormick Pass', '203-72-8177', '459-22-2275'),
(913, 'Vincenty Ioselevich', '15 Meadow Valley Plaza', '868-57-0119', '233-80-2020'),
(914, 'Kendell Hevey', '9 Brentwood Crossing', '576-06-2440', '326-19-8702'),
(915, 'Twila Fawckner', '4 Mifflin Lane', '225-63-6200', '658-16-7891'),
(916, 'Filia Blose', '91 Vermont Court', '653-54-0151', '208-06-3125'),
(917, 'Kerwinn Leverton', '2 Old Gate Center', '630-75-0821', '394-11-6922'),
(918, 'Bekki Labrenz', '61605 Schurz Trail', '227-54-1902', '516-27-8653'),
(919, 'Mae Newens', '59504 North Trail', '515-28-2892', '742-22-9700'),
(920, 'Gale Hebblewaite', '961 Chive Point', '239-11-4874', '624-66-6050'),
(921, 'Gannon MacGuigan', '53563 Cherokee Street', '607-49-1287', '551-84-2273'),
(922, 'Farley Trye', '000 Cardinal Center', '143-25-0946', '706-68-1394'),
(923, 'Crysta Muncaster', '20011 Sunbrook Parkway', '370-35-0790', '102-85-8370'),
(924, 'Ferrell Velte', '66973 Hazelcrest Trail', '202-01-6322', '394-09-4047'),
(925, 'Trent Rathmell', '1795 Eagle Crest Drive', '571-81-9182', '590-74-9884'),
(926, 'Ariella Billingham', '743 School Avenue', '659-17-4626', '708-90-6394'),
(927, 'Ashly Lockhart', '93705 Scott Hill', '347-62-9053', '207-50-3070'),
(928, 'Maressa Lawman', '969 Manley Plaza', '227-21-4865', '525-48-2834'),
(929, 'Kym Desbrow', '733 Esch Avenue', '805-91-8227', '631-32-8249'),
(930, 'Lexie Peskett', '0 Weeping Birch Terrace', '109-74-2867', '776-67-2651'),
(931, 'Augustine Filippucci', '66476 Briar Crest Lane', '237-91-2471', '512-24-1598'),
(932, 'Charles Duncklee', '878 Petterle Court', '531-75-8761', '488-17-5525'),
(933, 'Bendick Ronchi', '0528 Karstens Hill', '201-93-8760', '363-97-5983'),
(934, 'Dixie Brewitt', '34 Bonner Place', '890-54-7486', '843-28-1817'),
(935, 'Chilton Gadsden', '58833 Doe Crossing Lane', '297-68-0358', '483-01-4005'),
(936, 'Pearle Gradly', '5238 Ilene Plaza', '597-89-0007', '807-67-8330'),
(937, 'Mildred Scroggs', '5056 Nobel Trail', '318-66-9479', '159-84-9240'),
(938, 'Ches Barfitt', '44 Lawn Drive', '192-02-3591', '471-32-7510'),
(939, 'Renault Ossulton', '60 Bashford Parkway', '798-08-3810', '170-17-5729'),
(940, 'Guthry Tremathick', '25 Hanover Lane', '668-22-4347', '785-38-4890'),
(941, 'Celestina Defont', '83027 Acker Trail', '563-04-6930', '531-68-4054'),
(942, 'Algernon Vallentine', '65 Monument Crossing', '415-72-9870', '687-15-4653'),
(943, 'Vinnie Stranaghan', '21 Continental Junction', '855-48-9171', '420-59-1276'),
(944, 'Bliss Litton', '1 American Place', '604-27-6159', '851-19-0165'),
(945, 'Ody Netti', '090 Daystar Plaza', '893-23-0998', '367-01-8605'),
(946, 'Douglas Dales', '898 Coolidge Parkway', '307-17-8959', '525-38-9432'),
(947, 'Ashleigh McCrossan', '647 Westerfield Terrace', '284-09-3566', '129-64-7840'),
(948, 'Bale Stobo', '5 Hagan Pass', '565-91-3974', '165-95-7980'),
(949, 'Delcina MacKilroe', '528 Delaware Junction', '182-09-6035', '783-58-4224'),
(950, 'Josie Valintine', '51 Laurel Center', '400-34-4997', '440-06-3082'),
(951, 'Lynnette Skey', '05 Sycamore Drive', '858-09-8651', '799-42-4907'),
(952, 'Darren Spawton', '3 Autumn Leaf Trail', '280-42-0340', '722-35-7587'),
(953, 'Eziechiele Oneal', '834 Dexter Junction', '745-03-9631', '689-63-6690'),
(954, 'Modestine Rigge', '78446 Ryan Hill', '263-73-7276', '345-86-4494'),
(955, 'Edeline Marielle', '71 Amoth Park', '796-40-6965', '353-10-5773'),
(956, 'Janaye Dorrian', '779 Warner Crossing', '315-33-8537', '535-09-0843'),
(957, 'Tait Baythorp', '0987 Montana Circle', '210-55-2794', '864-03-0458'),
(958, 'Wandie Symonds', '4 Mcguire Court', '199-38-5061', '842-58-6917'),
(959, 'Kore Pendrey', '47581 Sachtjen Point', '277-96-2807', '702-53-7335'),
(960, 'Rosmunda Bonnor', '648 Mariners Cove Court', '826-44-0128', '306-99-9070'),
(961, 'Hayward Perchard', '24161 Paget Junction', '620-75-1302', '739-12-6924'),
(962, 'Bab Robecon', '34 Hoffman Street', '756-45-5969', '762-18-7757'),
(963, 'Kevan Shearmer', '6434 Rieder Circle', '777-52-3628', '123-78-3151'),
(964, 'Anatole Stannard', '1 Leroy Street', '711-13-1001', '624-15-2934'),
(965, 'Dunstan Bordiss', '437 Portage Drive', '428-88-5183', '327-42-5716'),
(966, 'Elonore Mixter', '435 Leroy Terrace', '602-92-1138', '422-77-0208'),
(967, 'Livvy Tabourel', '0639 Prairie Rose Road', '670-92-0001', '146-24-7428'),
(968, 'Everard Asman', '042 Riverside Court', '331-32-3723', '221-54-7605'),
(969, 'Ynez Vigne', '312 Thompson Junction', '411-71-0233', '461-36-6805'),
(970, 'Vale Kellaway', '7 Crowley Lane', '615-74-0165', '175-18-4193'),
(971, 'Almeria Vynoll', '147 Lyons Hill', '797-19-5941', '333-12-5627'),
(972, 'Padraig Bloore', '85 Barby Lane', '772-08-8110', '553-62-1239'),
(973, 'Karrah Trotton', '76 Boyd Crossing', '448-47-4974', '191-85-6885'),
(974, 'Martie Doctor', '947 Grayhawk Point', '508-01-5931', '671-60-0383'),
(975, 'Bendick Kenton', '68219 Delladonna Terrace', '501-58-5841', '736-77-9199'),
(976, 'Sarge Hildrew', '3 Declaration Park', '391-37-2968', '141-50-5138'),
(977, 'Marco Cockerham', '28 Mallory Center', '429-97-1421', '661-86-1501'),
(978, 'Winna Lerwill', '8 Vidon Road', '440-05-1940', '540-43-8573'),
(979, 'Laverna Agron', '3858 Hoard Pass', '400-07-8960', '177-43-0501'),
(980, 'Lynnea Ruddock', '4 Holmberg Terrace', '472-32-9700', '531-68-5665'),
(981, 'Filide Catchpole', '823 Memorial Park', '712-41-9677', '435-87-3282'),
(982, 'Emerson Yggo', '7 Pepper Wood Road', '677-25-1510', '228-33-6964'),
(983, 'Kit Denacamp', '3804 Delladonna Point', '676-02-8751', '655-16-1102'),
(984, 'Cleopatra Nolleau', '44137 Upham Court', '632-11-1004', '844-90-0711'),
(985, 'Mindy Kingzet', '7 Continental Plaza', '597-38-1998', '450-86-9880'),
(986, 'Ganny Glendining', '0969 Haas Trail', '693-87-8110', '372-16-2210'),
(987, 'Gayla Ivison', '761 Judy Lane', '805-47-6909', '673-21-0162'),
(988, 'Lilias Willans', '612 Jackson Place', '231-62-3156', '824-69-1173'),
(989, 'Masha Water', '773 Schiller Place', '494-28-8844', '879-81-7212'),
(990, 'Dmitri Godman', '608 Marquette Hill', '889-56-8892', '208-55-8475'),
(991, 'Sigmund Verity', '85 Carioca Circle', '580-13-6970', '715-87-7757'),
(992, 'Far Yokley', '566 Oak Center', '159-84-6829', '817-97-8189'),
(993, 'Abbey Jorez', '49674 Westport Pass', '867-52-4909', '285-34-6418'),
(994, 'Verena Presdie', '1 Chive Lane', '623-33-6605', '362-77-1870'),
(995, 'Shannon Domoney', '45 Cardinal Drive', '719-50-6416', '455-04-4279'),
(996, 'Yoshiko Stilgo', '2 Village Green Hill', '244-18-0462', '276-97-9382'),
(997, 'Faulkner Eccott', '3 Amoth Crossing', '425-24-5439', '724-29-8532'),
(998, 'Archer MacSorley', '4208 Acker Alley', '135-37-5029', '671-42-6306'),
(999, 'Brigid Paulmann', '493 American Ash Avenue', '194-04-6170', '521-59-9673'),
(1000, 'August Antonazzi', '96463 Quincy Trail', '425-78-6071', '356-94-8387');

-- --------------------------------------------------------

--
-- Estructura de tabla para la tabla `prueba`
--

CREATE TABLE `prueba` (
  `id` int(11) NOT NULL,
  `content` varchar(255) NOT NULL,
  `title` varchar(255) DEFAULT NULL
) ENGINE=InnoDB DEFAULT CHARSET=utf8mb4;

-- --------------------------------------------------------

--
-- Estructura de tabla para la tabla `recetas`
--

CREATE TABLE `recetas` (
  `id_receta` int(11) NOT NULL,
  `descripcion` varchar(1000) NOT NULL,
  `habilitado_recogo` int(1) NOT NULL,
  `id_consultas` int(11) NOT NULL,
  `titulo` varchar(400) NOT NULL
) ENGINE=InnoDB DEFAULT CHARSET=utf8mb4;

--
-- Volcado de datos para la tabla `recetas`
--

INSERT INTO `recetas` (`id_receta`, `descripcion`, `habilitado_recogo`, `id_consultas`, `titulo`) VALUES
(1, 'Descripcion receta 1', 0, 117, 'Receta fiebra'),
(2, 'Descripcion receta 2', 1, 117, 'Receta tos'),
(3, 'Descripcion dolor de garganta', 1, 117, 'Receta para dolor de garganta'),
(4, 'Ibuprofeno 20mg 1 al dia hasta se pierda el dolor de cabeza', 0, 117, 'Receta dolor de cabeza');

-- --------------------------------------------------------

--
-- Estructura de tabla para la tabla `todo`
--

CREATE TABLE `todo` (
  `id` int(11) NOT NULL,
  `created_at` datetime DEFAULT NULL,
  `description` varchar(255) DEFAULT NULL,
  `status` int(11) DEFAULT NULL,
  `updated_at` datetime DEFAULT NULL,
  `id_consultas` int(11) NOT NULL,
  `fecha` datetime DEFAULT NULL,
  `id_atencion` int(11) DEFAULT NULL,
  `id_consultorio` int(11) DEFAULT NULL,
  `id_estado_consulta` int(11) DEFAULT NULL,
  `id_horario` int(11) DEFAULT NULL,
  `id_paciente` int(11) DEFAULT NULL
) ENGINE=InnoDB DEFAULT CHARSET=utf8mb4;

--
-- Índices para tablas volcadas
--

--
-- Indices de la tabla `atenciones`
--
ALTER TABLE `atenciones`
  ADD PRIMARY KEY (`id_atencion`),
  ADD KEY `atenciones_FK` (`id_medico`),
  ADD KEY `atenciones_FK_1` (`id_especialidades`),
  ADD KEY `atenciones_FK_2` (`id_consultorio`);

--
-- Indices de la tabla `centros_medicos`
--
ALTER TABLE `centros_medicos`
  ADD PRIMARY KEY (`id_centro_medico`);

--
-- Indices de la tabla `consultas`
--
ALTER TABLE `consultas`
  ADD PRIMARY KEY (`id_consultas`),
  ADD KEY `consultas_FK_3` (`id_paciente`),
  ADD KEY `consultas_FK` (`id_consultorio`),
  ADD KEY `consultas_FK_4` (`id_horario`),
  ADD KEY `consultas_FK_5` (`id_estado_consulta`),
  ADD KEY `consultas_FK_1` (`id_atencion`);

--
-- Indices de la tabla `consultorios`
--
ALTER TABLE `consultorios`
  ADD PRIMARY KEY (`id_consultorio`),
  ADD KEY `consultorios_FK` (`id_centro_medico`);

--
-- Indices de la tabla `especialidades`
--
ALTER TABLE `especialidades`
  ADD PRIMARY KEY (`id_especialidades`);

--
-- Indices de la tabla `estados_consultas`
--
ALTER TABLE `estados_consultas`
  ADD PRIMARY KEY (`id_estado_consulta`);

--
-- Indices de la tabla `horarios`
--
ALTER TABLE `horarios`
  ADD PRIMARY KEY (`id_horario`);

--
-- Indices de la tabla `medicos`
--
ALTER TABLE `medicos`
  ADD PRIMARY KEY (`id_medico`);

--
-- Indices de la tabla `pacientes`
--
ALTER TABLE `pacientes`
  ADD PRIMARY KEY (`id_paciente`);

--
-- Indices de la tabla `prueba`
--
ALTER TABLE `prueba`
  ADD PRIMARY KEY (`id`);

--
-- Indices de la tabla `recetas`
--
ALTER TABLE `recetas`
  ADD PRIMARY KEY (`id_receta`),
  ADD KEY `recetas_FK` (`id_consultas`);

--
-- Indices de la tabla `todo`
--
ALTER TABLE `todo`
  ADD PRIMARY KEY (`id`);

--
-- AUTO_INCREMENT de las tablas volcadas
--

--
-- AUTO_INCREMENT de la tabla `atenciones`
--
ALTER TABLE `atenciones`
  MODIFY `id_atencion` int(11) NOT NULL AUTO_INCREMENT, AUTO_INCREMENT=6;

--
-- AUTO_INCREMENT de la tabla `centros_medicos`
--
ALTER TABLE `centros_medicos`
  MODIFY `id_centro_medico` int(11) NOT NULL AUTO_INCREMENT, AUTO_INCREMENT=2;

--
-- AUTO_INCREMENT de la tabla `consultas`
--
ALTER TABLE `consultas`
  MODIFY `id_consultas` int(11) NOT NULL AUTO_INCREMENT, AUTO_INCREMENT=118;

--
-- AUTO_INCREMENT de la tabla `consultorios`
--
ALTER TABLE `consultorios`
  MODIFY `id_consultorio` int(11) NOT NULL AUTO_INCREMENT, AUTO_INCREMENT=3;

--
-- AUTO_INCREMENT de la tabla `especialidades`
--
ALTER TABLE `especialidades`
  MODIFY `id_especialidades` int(11) NOT NULL AUTO_INCREMENT, AUTO_INCREMENT=4;

--
-- AUTO_INCREMENT de la tabla `estados_consultas`
--
ALTER TABLE `estados_consultas`
  MODIFY `id_estado_consulta` int(11) NOT NULL AUTO_INCREMENT, AUTO_INCREMENT=8;

--
-- AUTO_INCREMENT de la tabla `horarios`
--
ALTER TABLE `horarios`
  MODIFY `id_horario` int(11) NOT NULL AUTO_INCREMENT, AUTO_INCREMENT=5;

--
-- AUTO_INCREMENT de la tabla `medicos`
--
ALTER TABLE `medicos`
  MODIFY `id_medico` int(11) NOT NULL AUTO_INCREMENT, AUTO_INCREMENT=101;

--
-- AUTO_INCREMENT de la tabla `pacientes`
--
ALTER TABLE `pacientes`
  MODIFY `id_paciente` int(11) NOT NULL AUTO_INCREMENT, AUTO_INCREMENT=1001;

--
-- AUTO_INCREMENT de la tabla `recetas`
--
ALTER TABLE `recetas`
  MODIFY `id_receta` int(11) NOT NULL AUTO_INCREMENT, AUTO_INCREMENT=5;

--
-- Restricciones para tablas volcadas
--

--
-- Filtros para la tabla `atenciones`
--
ALTER TABLE `atenciones`
  ADD CONSTRAINT `atenciones_FK` FOREIGN KEY (`id_medico`) REFERENCES `medicos` (`id_medico`),
  ADD CONSTRAINT `atenciones_FK_1` FOREIGN KEY (`id_especialidades`) REFERENCES `especialidades` (`id_especialidades`),
  ADD CONSTRAINT `atenciones_FK_2` FOREIGN KEY (`id_consultorio`) REFERENCES `consultorios` (`id_consultorio`);

--
-- Filtros para la tabla `consultas`
--
ALTER TABLE `consultas`
  ADD CONSTRAINT `consultas_FK_1` FOREIGN KEY (`id_atencion`) REFERENCES `atenciones` (`id_atencion`),
  ADD CONSTRAINT `consultas_FK_3` FOREIGN KEY (`id_paciente`) REFERENCES `pacientes` (`id_paciente`),
  ADD CONSTRAINT `consultas_FK_4` FOREIGN KEY (`id_horario`) REFERENCES `horarios` (`id_horario`),
  ADD CONSTRAINT `consultas_FK_5` FOREIGN KEY (`id_estado_consulta`) REFERENCES `estados_consultas` (`id_estado_consulta`);

--
-- Filtros para la tabla `consultorios`
--
ALTER TABLE `consultorios`
  ADD CONSTRAINT `consultorios_FK` FOREIGN KEY (`id_centro_medico`) REFERENCES `centros_medicos` (`id_centro_medico`);

--
-- Filtros para la tabla `recetas`
--
ALTER TABLE `recetas`
  ADD CONSTRAINT `recetas_FK` FOREIGN KEY (`id_consultas`) REFERENCES `consultas` (`id_consultas`);
COMMIT;

/*!40101 SET CHARACTER_SET_CLIENT=@OLD_CHARACTER_SET_CLIENT */;
/*!40101 SET CHARACTER_SET_RESULTS=@OLD_CHARACTER_SET_RESULTS */;
/*!40101 SET COLLATION_CONNECTION=@OLD_COLLATION_CONNECTION */;
